FRAME,MJDATE,Unnamed:,XAIRMASS,Unnamed:.1,APER5,Unnamed:.2,APER6,Unnamed:.3,APER7,Unnamed:.4,APER21,Unnamed:.5,APER25,Unnamed:.6,APER30,Unnamed:.7,APER35,Unnamed:.8,MAG5,Unnamed:.9,MAG6,Unnamed:.10,MAG7,Unnamed:.11,MAG21,Unnamed:.12,MAG25,Unnamed:.13,MAG30,Unnamed:.14,MAG35,Unnamed:.15,MERR5,Unnamed:.16,MERR6,Unnamed:.17,MERR7,Unnamed:.18,MERR21,Unnamed:.19,MERR25,Unnamed:.20,MERR30,Unnamed:.21,MERR35,Unnamed:.22,FLUX5,Unnamed:.23,FLUX6,Unnamed:.24,FLUX7,Unnamed:.25,FLUX21,Unnamed:.26,FLUX25,Unnamed:.27,FLUX30,Unnamed:.28,FLUX35,Unnamed:.29,SUM5,Unnamed:.30,SUM6,Unnamed:.31,SUM7,Unnamed:.32,SUM21,Unnamed:.33,SUM25,Unnamed:.34,SUM30,Unnamed:.35,SUM35,Unnamed:.36,MAGUNCERT7,MAGUNCERT5
1.0,59811.384293,,1.295,,5,,6,,7,,21,,25,,30,,35,,29.88,,29.711,,29.623,,29.13,,29.283,,29.044,,28.692,,0.082,,0.084,,0.091,,0.211,,0.31,,0.327,,0.302,,3107.75,,3629.648,,3936.148,,6197.209,,5382.907,,6708.608,,9278.188,,85902.9,,122156.5,,165703.2,,1456667,,2059610,,2965532,,4037333,,0.0781308759341579,0.0713856730340384
2.0,59811.3882563,,1.28,,5,,6,,7,,21,,25,,30,,35,,29.756,,29.672,,29.591,,29.33,,29.336,,29.148,,29.021,,0.07,,0.078,,0.085,,0.243,,0.313,,0.346,,0.393,,3465.301,,3745.13,,4035.65,,5130.56,,5105.211,,6067.921,,6824.532,,85499.19,,121696.6,,164611.2,,1447757,,2049706,,2949986,,4013479,,0.0781917986841058,0.0649467719759928
3.0,59811.3924768,,1.266,,5,,6,,7,,21,,25,,30,,35,,29.831,,29.691,,29.596,,29.263,,29.345,,29.312,,29.367,,0.064,,0.067,,0.072,,0.193,,0.267,,0.341,,0.458,,3257.827,,3708.852,,4046.047,,5500.495,,5099.726,,5256.805,,4995.446,,85748.35,,122325.4,,165578.2,,1456183,,2060556,,2965251,,4034034,,0.0813422123525912,0.0710257343886231
4.0,59811.3964395,,1.253,,5,,6,,7,,21,,25,,30,,35,,29.851,,29.796,,29.739,,28.829,,28.999,,28.831,,28.531,,0.054,,0.062,,0.068,,0.107,,0.159,,0.18,,0.174,,3219.249,,3386.494,,3572.023,,8252.782,,7058.458,,8243.363,,10858.42,,85714.22,,121694.8,,165165.0,,1458499,,2061313,,2966280,,4037242,,0.0912122881153161,0.071250081890091
5.0,59811.4011787,,1.24,,5,,6,,7,,21,,25,,30,,35,,29.65,,29.606,,29.599,,28.998,,28.96,,28.599,,28.23,,0.061,,0.071,,0.082,,0.172,,0.212,,0.2,,0.182,,3887.302,,4045.793,,4073.155,,7087.591,,7336.939,,10229.12,,14367.35,,85720.32,,121893.8,,164101.2,,1445943,,2046920,,2947063,,4011497,,0.0815281662952714,0.0594576919335838
6.0,59811.4053819,,1.229,,5,,6,,7,,21,,25,,30,,35,,29.883,,29.845,,29.868,,30.227,,30.758,,32.215,,31.044,,0.063,,0.073,,0.087,,0.442,,0.921,,4.64,,2.017,,3133.286,,3245.364,,3177.255,,2281.162,,1399.848,,365.8431,,1075.19,,85460.53,,121934.7,,164131.0,,1450786,,2054790,,2956987,,4024918,,0.0980722675943321,0.0714100722130423
7.0,59811.4093445,,1.22,,5,,6,,7,,21,,25,,30,,35,,29.603,,29.521,,29.435,,29.211,,29.116,,29.014,,28.689,,0.045,,0.05,,0.054,,0.159,,0.186,,0.223,,0.211,,4030.524,,4347.052,,4708.754,,5786.558,,6313.329,,6936.356,,9354.366,,85826.29,,121831.9,,164721.0,,1443273,,2043559,,2940275,,4001699,,0.0675069519030782,0.0560636439665502
8.0,59811.4133061,,1.212,,5,,6,,7,,21,,25,,30,,35,,29.692,,29.636,,29.613,,30.288,,30.804,,32.116,,30.84,,0.049,,0.056,,0.064,,0.428,,0.882,,3.886,,1.534,,3705.397,,3898.987,,3982.924,,2140.351,,1330.367,,397.3722,,1286.996,,85910.5,,121960.3,,164989.8,,1446818,,2047815,,2947441,,4012786,,0.0788685380411546,0.0605894982123025
9.0,59811.4172686,,1.205,,5,,6,,7,,21,,25,,30,,35,,29.686,,29.625,,29.615,,29.674,,30.248,,30.198,,31.314,,0.055,,0.062,,0.072,,0.275,,0.598,,0.751,,2.681,,3724.44,,3941.146,,3978.03,,3764.935,,2218.946,,2324.101,,831.7401,,87122.37,,123734.7,,167386.5,,1469859,,2079266,,2993240,,4072013,,0.0768919465543601,0.0595803567440148
10.0,59811.4212281,,1.199,,5,,6,,7,,21,,25,,30,,35,,29.76,,29.651,,29.578,,29.36,,29.09,,29.003,,28.808,,0.068,,0.074,,0.08,,0.239,,0.239,,0.291,,0.31,,3476.793,,3842.607,,4111.569,,5025.107,,6443.647,,6977.842,,8354.739,,86972.78,,124342.5,,167305.9,,1475334,,2091161,,3008487,,4093424,,0.0756454373312057,0.0644153576247047
11.0,59811.4251908,,1.194,,5,,6,,7,,21,,25,,30,,35,,29.724,,29.582,,29.485,,29.192,,29.083,,28.92,,28.751,,0.058,,0.061,,0.065,,0.18,,0.208,,0.236,,0.258,,3594.952,,4095.159,,4476.595,,5864.172,,6486.27,,7537.326,,8807.09,,88474.83,,125837.6,,170727.7,,1498187,,2120315,,3051253,,4151784,,0.0717927802707023,0.0637336460518755
12.0,59811.4291499,,1.189,,5,,6,,7,,21,,25,,30,,35,,29.699,,29.648,,29.656,,29.675,,29.681,,30.193,,30.165,,0.046,,0.052,,0.061,,0.223,,0.286,,0.603,,0.751,,3681.945,,3856.873,,3830.248,,3761.811,,3740.816,,2335.427,,2395.181,,90297.33,,128396.4,,173271.7,,1527099,,2161973,,3109951,,4232095,,0.0859167075489467,0.0632960950814403
13.0,59811.4331122,,1.185,,5,,6,,7,,21,,25,,30,,35,,29.717,,29.584,,29.458,,28.849,,28.648,,28.659,,28.596,,0.05,,0.053,,0.055,,0.112,,0.119,,0.159,,0.191,,3638.638,,4114.103,,4619.028,,8097.411,,9739.642,,9641.801,,10223.24,,91965.15,,130958.3,,177620.8,,1560853,,2209859,,3177718,,4322246,,0.0726580317371737,0.0652216163244566
14.0,59811.4370715,,1.183,,5,,6,,7,,21,,25,,30,,35,,29.717,,29.64,,29.636,,29.031,,28.876,,28.86,,28.779,,0.049,,0.054,,0.063,,0.13,,0.144,,0.186,,0.221,,3639.728,,3908.836,,3921.903,,6847.813,,7901.331,,8012.254,,8637.499,,93254.86,,133000.5,,179227.5,,1583567,,2243061,,3226159,,4388388,,0.0824834119277176,0.0639316988895753
15.0,59811.4410306,,1.18,,5,,6,,7,,21,,25,,30,,35,,29.824,,29.699,,29.565,,29.184,,29.008,,28.902,,28.897,,0.061,,0.066,,0.068,,0.173,,0.188,,0.225,,0.286,,3311.475,,3713.853,,4202.961,,5971.316,,7020.998,,7740.895,,7776.233,,95195.62,,135983.4,,184013.1,,1622374,,2297774,,3306143,,4497113,,0.0796049952869818,0.0720409128568313
16.0,59811.444993,,1.179,,5,,6,,7,,21,,25,,30,,35,,29.669,,29.49,,29.421,,28.757,,28.646,,28.404,,28.193,,0.056,,0.057,,0.063,,0.123,,0.142,,0.15,,0.158,,3809.21,,4489.832,,4783.376,,8823.453,,9766.428,,12209.11,,14823.19,,97293.66,,138857.4,,187875.9,,1652767,,2338958,,3366365,,4580390,,0.0705880845409622,0.063171415509198
17.0,59811.449001,,1.179,,5,,6,,7,,21,,25,,30,,35,,29.805,,29.704,,29.593,,29.127,,28.861,,28.355,,28.192,,0.056,,0.061,,0.064,,0.15,,0.15,,0.124,,0.137,,3338.755,,3663.397,,4059.899,,6233.052,,7964.511,,12697.3,,14751.45,,97963.88,,139557.5,,189275.1,,1669394,,2364813,,3406341,,4633638,,0.0854628733894584,0.0734732554578083
18.0,59811.4529651,,1.179,,5,,6,,7,,21,,25,,30,,35,,29.659,,29.565,,29.509,,28.803,,28.736,,28.662,,28.524,,0.042,,0.046,,0.051,,0.096,,0.115,,0.141,,0.159,,3824.051,,4169.927,,4388.736,,8405.807,,8947.839,,9576.721,,10874.69,,98871.65,,140944.7,,190364.0,,1679030,,2376481,,3419108,,4651592,,0.0795683691576604,0.064392879339432
19.0,59811.4569284,,1.18,,5,,6,,7,,21,,25,,30,,35,,29.651,,29.514,,29.423,,28.549,,28.436,,28.12,,27.845,,0.046,,0.049,,0.053,,0.085,,0.098,,0.096,,0.095,,3843.276,,4358.826,,4739.709,,10601.35,,11767.29,,15749.69,,20283.5,,100398.8,,143741.1,,193495.3,,1710614,,2422034,,3486097,,4743192,,0.0755668514636796,0.0654009763111045
20.0,59811.460891,,1.182,,5,,6,,7,,21,,25,,30,,35,,29.838,,29.687,,29.605,,29.014,,29,,28.803,,28.674,,0.056,,0.059,,0.063,,0.133,,0.168,,0.184,,0.209,,3228.198,,3709.839,,4004.146,,6896.042,,6987.088,,8377.434,,9436.148,,101266.7,,145079.2,,195688.4,,1732269,,2453147,,3530289,,4802334,,0.0838925979516492,0.0749723900911304
21.0,59811.4648536,,1.185,,5,,6,,7,,21,,25,,30,,35,,29.711,,29.64,,29.602,,29.206,,29.172,,28.901,,28.716,,0.056,,0.063,,0.071,,0.178,,0.221,,0.227,,0.244,,3619.786,,3865.589,,4001.732,,5763.754,,5948.668,,7631.068,,9047.87,,103468.6,,147863.7,,199203.2,,1762997,,2497259,,3594581,,4890517,,0.0864169908195468,0.0683476345175755
22.0,59811.4688165,,1.188,,5,,6,,7,,21,,25,,30,,35,,29.653,,29.553,,29.476,,29.248,,29.445,,29.542,,29.641,,0.054,,0.059,,0.064,,0.187,,0.288,,0.414,,0.579,,3808.448,,4176.825,,4484.131,,5529.857,,4611.041,,4218.467,,3851.198,,104851.7,,149419.9,,202507.3,,1782933,,2523148,,3630794,,4939837,,0.0803022547479148,0.0666677884518911
23.0,59811.4727902,,1.193,,5,,6,,7,,21,,25,,30,,35,,29.675,,29.534,,29.445,,28.764,,28.589,,28.261,,28.242,,0.055,,0.058,,0.063,,0.121,,0.132,,0.129,,0.161,,3755.305,,4276.311,,4643.043,,8691.828,,10209.53,,13815.87,,14053.2,,106492.1,,151585.2,,205700.2,,1811680,,2564029,,3691701,,5020827,,0.0750332204779685,0.0665102824306409
24.0,59811.4767501,,1.198,,5,,6,,7,,21,,25,,30,,35,,29.573,,29.544,,29.522,,29.262,,29.505,,29.646,,31.563,,0.054,,0.063,,0.072,,0.205,,0.328,,0.491,,3.668,,4128.056,,4241.381,,4327.536,,5498.762,,4397.291,,3859.636,,660.4808,,109637.5,,156396.2,,210615.1,,1862368,,2637056,,3794173,,5158731,,0.0795392240851918,0.0605341272678347
25.0,59811.4807121,,1.204,,5,,6,,7,,21,,25,,30,,35,,29.578,,29.418,,29.323,,28.73,,28.483,,28.478,,28.475,,0.055,,0.057,,0.061,,0.128,,0.13,,0.17,,0.217,,4095.705,,4748.129,,5178.664,,8945.144,,11229.87,,11276.09,,11307.96,,111993.5,,160042.8,,216229.8,,1906046,,2700110,,3883016,,5280918,,0.068871504013958,0.0624567632286861
26.0,59811.4846748,,1.211,,5,,6,,7,,21,,25,,30,,35,,29.813,,29.69,,29.635,,28.865,,28.629,,28.602,,28.691,,0.066,,0.071,,0.079,,0.14,,0.145,,0.186,,0.257,,3304.058,,3701.659,,3892.256,,7913.039,,9837.769,,10078.44,,9288.878,,113421.2,,161844.6,,219561.3,,1943029,,2751017,,3957536,,5382580,,0.0865861771917506,0.0750633563292316
27.0,59811.488637,,1.219,,5,,6,,7,,21,,25,,30,,35,,29.893,,29.761,,29.672,,29.032,,28.904,,28.855,,28.961,,0.063,,0.067,,0.072,,0.145,,0.165,,0.208,,0.292,,3090.485,,3488.664,,3787.451,,6827.657,,7683.428,,8038.591,,7291.968,,114816.7,,164255.3,,222420.2,,1970940,,2791373,,4016687,,5463599,,0.0966930054966809,0.0847117062405167
28.0,59811.4925995,,1.228,,5,,6,,7,,21,,25,,30,,35,,29.778,,29.661,,29.533,,29.039,,28.869,,28.679,,28.496,,0.051,,0.054,,0.057,,0.129,,0.141,,0.156,,0.168,,3406.369,,3794.342,,4270.214,,6728.498,,7870.363,,9372.298,,11093.91,,118273.1,,169205.8,,228887.2,,2025607,,2869198,,4129935,,5619610,,0.0880715369531682,0.0785867590314897
29.0,59811.4965758,,1.238,,5,,6,,7,,21,,25,,30,,35,,29.605,,29.472,,29.412,,28.495,,28.245,,28.035,,27.88,,0.047,,0.05,,0.055,,0.086,,0.087,,0.095,,0.105,,4001.761,,4525.909,,4780.899,,11125.34,,14003.61,,16989.97,,19600.53,,121355.9,,174014.8,,234175.0,,2077782,,2944281,,4236104,,5761665,,0.0822437472267762,0.0690000847909756
30.0,59811.5005405,,1.249,,5,,6,,7,,21,,25,,30,,35,,29.757,,29.701,,29.71,,29.102,,29.125,,29.091,,29.013,,0.057,,0.065,,0.076,,0.158,,0.206,,0.263,,0.312,,3473.875,,3658.465,,3628.073,,6351.489,,6216.609,,6412.58,,6895.01,,123613.7,,176359.5,,238714.4,,2118593,,3000007,,4316937,,5873497,,0.1014402752979837,0.0768346636000713
31.0,59811.5045026,,1.26,,5,,6,,7,,21,,25,,30,,35,,29.739,,29.605,,29.545,,29.048,,29.009,,29.247,,29.207,,0.06,,0.064,,0.071,,0.162,,0.2,,0.327,,0.403,,3563.755,,4033.697,,4260.125,,6736.346,,6981.223,,5607.259,,5815.103,,126226.7,,180609.3,,244138.7,,2162535,,3062216,,4405335,,5994402,,0.0870380183732065,0.0753730880680936
32.0,59811.5084648,,1.273,,5,,6,,7,,21,,25,,30,,35,,29.983,,29.859,,29.734,,28.902,,28.906,,28.764,,28.605,,0.101,,0.109,,0.113,,0.193,,0.248,,0.286,,0.316,,2859.508,,3207.352,,3597.162,,7741.648,,7714.903,,8785.468,,10178.75,,127697.8,,183363.9,,247595.5,,2206037,,3124623,,4496429,,6117886,,0.1062799243638085,0.0960348720235688
33.0,59811.5124237,,1.287,,5,,6,,7,,21,,25,,30,,35,,29.85,,29.781,,29.708,,28.892,,28.655,,28.519,,28.174,,0.072,,0.081,,0.089,,0.152,,0.157,,0.182,,0.169,,3219.515,,3431.039,,3670.647,,7783.51,,9679.956,,10973.03,,15073.47,,129396.9,,184852.6,,250605.5,,2226116,,3153075,,4537639,,6176547,,0.1055986748510793,0.0862092010828989
34.0,59811.5163897,,1.303,,5,,6,,7,,21,,25,,30,,35,,29.522,,29.389,,29.285,,28.242,,28.083,,27.797,,27.668,,0.067,,0.071,,0.076,,0.106,,0.117,,0.118,,0.134,,4361.762,,4929.457,,5422.162,,14171.5,,16411.53,,21348.91,,24044.63,,129065.9,,184905.8,,249156.2,,2210083,,3129933,,4504180,,6125178,,0.0775996461362576,0.0668796329906611
35.0,59811.5203536,,1.32,,5,,6,,7,,21,,25,,30,,35,,29.855,,29.783,,29.735,,28.755,,28.637,,28.575,,28.426,,0.066,,0.074,,0.083,,0.122,,0.14,,0.174,,0.194,,3195.22,,3413.427,,3568.108,,8798.01,,9808.888,,10383.14,,11909.01,,129279.3,,184868.3,,250317.8,,2225695,,3151838,,4534935,,6170464,,0.1101275957488214,0.0875380843817297
36.0,59811.5243181,,1.337,,5,,6,,7,,21,,25,,30,,35,,29.419,,29.377,,29.423,,29.227,,29.183,,28.923,,28.92,,0.048,,0.055,,0.067,,0.203,,0.25,,0.259,,0.33,,4741.939,,4927.575,,4725.738,,5661.09,,5893.717,,7489.047,,7509.058,,129853.2,,185625.4,,249322.0,,2208917,,3129762,,4505386,,6128901,,0.0801627003433853,0.0577546501588584
37.0,59811.5282941,,1.357,,5,,6,,7,,21,,25,,30,,35,,29.984,,29.849,,29.748,,29.431,,29.073,,28.991,,29.064,,0.069,,0.073,,0.078,,0.211,,0.194,,0.237,,0.323,,2835.117,,3212.16,,3525.998,,4719.662,,6566.089,,7076.272,,6616.347,,128217.8,,183196.2,,249089.5,,2209118,,3129334,,4503900,,6127716,,0.1128758611214037,0.0993960755831908
39.0,59812.3410543,,1.532,,5,,6,,7,,21,,25,,30,,35,,29.717,,29.73,,29.626,,28.723,,28.713,,28.615,,28.521,,0.072,,0.087,,0.093,,0.147,,0.186,,0.224,,0.262,,3495.517,,3454.328,,3799.7,,8731.082,,8811.163,,9641.054,,10514.06,,84141.65,,119579.8,,161534.9,,1426675,,2018736,,2903793,,3949619,,0.0822077232061394,0.0637809091658269
40.0,59812.3450167,,1.5,,5,,6,,7,,21,,25,,30,,35,,29.696,,29.636,,29.584,,28.66,,28.594,,28.494,,28.428,,0.043,,0.048,,0.053,,0.081,,0.098,,0.117,,0.141,,3555.414,,3755.445,,3941.43,,9229.391,,9810.074,,10757.36,,11430.02,,82715.58,,117792.7,,158747.4,,1401327,,1983159,,2852217,,3878719,,0.0811278016745681,0.0632946929264606
41.0,59812.3489788,,1.47,,5,,6,,7,,21,,25,,30,,35,,29.886,,29.779,,29.768,,28.691,,28.648,,28.587,,28.55,,0.053,,0.057,,0.066,,0.088,,0.108,,0.134,,0.165,,2951.521,,3255.664,,3289.248,,8874.098,,9231.56,,9760.063,,10099.75,,81352.36,,116198.1,,156595.5,,1387024,,1962655,,2822836,,3838949,,0.0955623982588077,0.0753587711167777
42.0,59812.3529406,,1.443,,5,,6,,7,,21,,25,,30,,35,,29.798,,29.786,,29.847,,28.659,,28.664,,28.526,,28.562,,0.047,,0.056,,0.068,,0.083,,0.106,,0.123,,0.162,,3212.081,,3247.423,,3069.97,,9165.502,,9128.175,,10364.61,,10024.73,,82039.2,,116633.6,,157377.6,,1394968,,1972826,,2838250,,3859203,,0.1047447945338584,0.069953030118851
43.0,59812.3569039,,1.417,,5,,6,,7,,21,,25,,30,,35,,29.835,,29.797,,29.742,,28.884,,29.023,,28.947,,28.704,,0.044,,0.05,,0.055,,0.09,,0.13,,0.16,,0.163,,3166.973,,3281.171,,3450.921,,7606.479,,6690.342,,7177.697,,8975.642,,81807.19,,116448.2,,157356.7,,1391094,,1967141,,2829992,,3851101,,0.0881230192644326,0.068951788222206
44.0,59812.3608665,,1.394,,5,,6,,7,,21,,25,,30,,35,,29.854,,29.767,,29.687,,29.136,,29.073,,29.253,,29.072,,0.051,,0.056,,0.061,,0.132,,0.159,,0.247,,0.267,,3098.72,,3355.588,,3613.731,,6002.738,,6361.933,,5391.49,,6365.354,,81807.35,,116969.0,,157503.8,,1391433,,1970636,,2833733,,3855650,,0.0865617790703223,0.0716785933509479
45.0,59812.3648298,,1.371,,5,,6,,7,,21,,25,,30,,35,,29.756,,29.651,,29.578,,28.566,,28.486,,28.448,,28.389,,0.054,,0.059,,0.064,,0.091,,0.108,,0.138,,0.167,,3431.86,,3781.215,,4041.908,,10267.91,,11053.41,,11450.14,,12083.24,,81649.84,,116003.1,,157188.4,,1383798,,1956578,,2813235,,3826104,,0.0770420699289134,0.0644430041585596
46.0,59812.368792,,1.351,,5,,6,,7,,21,,25,,30,,35,,29.908,,29.868,,29.837,,29.037,,29.061,,28.995,,28.8,,0.047,,0.054,,0.061,,0.105,,0.137,,0.169,,0.181,,2986.834,,3099.593,,3187.157,,6657.9,,6513.865,,6921.916,,8287.173,,81503.8,,116220.4,,156711.8,,1386879,,1962855,,2824192,,3842806,,0.09630988107324,0.0734886510203319
47.0,59812.3728014,,1.332,,5,,6,,7,,21,,25,,30,,35,,29.766,,29.743,,29.716,,29.024,,28.967,,29.041,,28.897,,0.039,,0.046,,0.052,,0.097,,0.117,,0.165,,0.185,,3373.933,,3443.483,,3531.543,,6679.278,,7039.786,,6574.629,,7507.065,,81982.57,,116018.0,,157176.1,,1384347,,1958225,,2816923,,3833362,,0.0834075557173716,0.0636327569799698
48.0,59812.3767657,,1.314,,5,,6,,7,,21,,25,,30,,35,,29.86,,29.801,,29.685,,28.856,,28.832,,28.76,,28.837,,0.052,,0.059,,0.062,,0.104,,0.13,,0.16,,0.22,,3127.075,,3302.204,,3673.977,,7880.94,,8061.739,,8616.259,,8020.182,,80742.63,,115309.0,,155395.4,,1374126,,1945103,,2797621,,3803675,,0.0808504982024924,0.0686548885393713
49.0,59812.3807277,,1.298,,5,,6,,7,,21,,25,,30,,35,,29.77,,29.533,,29.409,,28.616,,28.593,,28.438,,28.556,,0.053,,0.051,,0.053,,0.092,,0.115,,0.132,,0.187,,3405.26,,4237.26,,4752.431,,9861.89,,10069.72,,11622.21,,10419.65,,81228.42,,116122.4,,157026.0,,1377959,,1948615,,2803244,,3810215,,0.0652881506100632,0.0648616635154227
50.0,59812.3846908,,1.283,,5,,6,,7,,21,,25,,30,,35,,29.673,,29.549,,29.502,,28.548,,28.405,,28.388,,28.351,,0.038,,0.04,,0.045,,0.066,,0.074,,0.096,,0.118,,3751.451,,4206.748,,4391.662,,10578.55,,12068.97,,12261.03,,12675.08,,82197.13,,117175.9,,157781.2,,1389499,,1966831,,2827145,,3843961,,0.0725023855690547,0.0597992661867323
51.0,59812.4066354,,1.22,,5,,6,,7,,21,,25,,30,,35,,29.882,,29.807,,29.736,,29.397,,28.909,,28.683,,28.459,,0.06,,0.067,,0.073,,0.193,,0.158,,0.168,,0.175,,3078.965,,3299.897,,3522.472,,4813.456,,7539.684,,9288.608,,11419.32,,78146.05,,111337.6,,150375.4,,1324349,,1877900,,2702650,,3677392,,0.0886468841286115,0.0713289183720683
52.0,59812.4106473,,1.212,,5,,6,,7,,21,,25,,30,,35,,29.766,,29.744,,29.72,,29.552,,29.154,,28.776,,28.75,,0.05,,0.058,,0.066,,0.204,,0.181,,0.169,,0.21,,3460.999,,3530.493,,3610.344,,4216.105,,6080.644,,8612.89,,8819.009,,79380.81,,112908.0,,152045.6,,1339693,,1899131,,2734371,,3718502,,0.0822120404414084,0.0618003130635998
53.0,59812.4146107,,1.205,,5,,6,,7,,21,,25,,30,,35,,29.883,,29.853,,29.823,,29.431,,29.284,,28.709,,28.651,,0.047,,0.054,,0.061,,0.153,,0.171,,0.133,,0.161,,3086.273,,3174.201,,3263.655,,4680.721,,5360.664,,9102.798,,9602.763,,79679.66,,113770.3,,153015.3,,1352957,,1917030,,2761664,,3755845,,0.0945120283719146,0.0709085847829305
54.0,59812.4185728,,1.199,,5,,6,,7,,21,,25,,30,,35,,29.699,,29.636,,29.567,,29.322,,29.386,,28.796,,28.691,,0.04,,0.045,,0.049,,0.14,,0.19,,0.145,,0.168,,3667.76,,3885.246,,4142.236,,5190.068,,4892.353,,8425.131,,9278.074,,80782.08,,114921.5,,155016.2,,1361774,,1927898,,2777105,,3777328,,0.0743961782780385,0.0597464875854481
55.0,59812.4225348,,1.194,,5,,6,,7,,21,,25,,30,,35,,29.825,,29.738,,29.675,,29.298,,29.16,,28.618,,28.374,,0.046,,0.05,,0.055,,0.14,,0.158,,0.126,,0.128,,3275.567,,3548.215,,3758.67,,5318.26,,6042.252,,9951.319,,12459.38,,80326.09,,114388.8,,154526.3,,1360427,,1926274,,2774942,,3775936,,0.0818294926498138,0.066817436355579
56.0,59812.426496,,1.189,,5,,6,,7,,21,,25,,30,,35,,29.813,,29.727,,29.715,,29.788,,29.661,,29.133,,29.081,,0.049,,0.054,,0.063,,0.241,,0.274,,0.222,,0.27,,3297.799,,3569.809,,3608.493,,3375.41,,3793.793,,6170.942,,6473.942,,80970.81,,115345.9,,155547.6,,1369423,,1939817,,2793799,,3800490,,0.0859507262170449,0.0667824311758409
57.0,59812.4304587,,1.185,,5,,6,,7,,21,,25,,30,,35,,29.901,,29.841,,29.752,,29.829,,29.856,,29.277,,29.011,,0.061,,0.07,,0.075,,0.291,,0.382,,0.295,,0.295,,3048.643,,3219.846,,3495.986,,3255.077,,3176.152,,5412.982,,6916.552,,81084.43,,115453.1,,156270.7,,1375219,,1947207,,2804931,,3817526,,0.0905073875977418,0.0731720491320839
58.0,59812.4344209,,1.182,,5,,6,,7,,21,,25,,30,,35,,29.806,,29.732,,29.724,,29.349,,29.282,,29.164,,28.669,,0.047,,0.053,,0.061,,0.154,,0.186,,0.219,,0.178,,3332.277,,3568.038,,3594.421,,5074.759,,5398.525,,6018.589,,9492.113,,82205.65,,117357.3,,157800.4,,1392582,,1972545,,2838551,,3864827,,0.087702174118331,0.0669185743647226
59.0,59812.4383839,,1.18,,5,,6,,7,,21,,25,,30,,35,,29.919,,29.924,,29.909,,30.246,,30.855,,31.932,,30.743,,0.046,,0.055,,0.063,,0.31,,0.695,,2.464,,1.053,,3011.117,,2997.838,,3039.908,,2228.011,,1271.009,,471.6227,,1409.801,,82835.72,,118216.3,,159124.3,,1408115,,1994579,,2870285,,3907059,,0.1009113194712119,0.073159484791135
60.0,59812.4423466,,1.179,,5,,6,,7,,21,,25,,30,,35,,29.829,,29.72,,29.682,,29.097,,29.034,,28.671,,28.471,,0.044,,0.047,,0.053,,0.111,,0.134,,0.126,,0.134,,3244.378,,3585.474,,3715.51,,6365.367,,6744.611,,9428.861,,11332.52,,84525.55,,120414.9,,162697.7,,1435172,,2031871,,2925277,,3979781,,0.0880279902649138,0.0707127616902248
61.0,59812.4463097,,1.179,,5,,6,,7,,21,,25,,30,,35,,29.85,,29.792,,29.743,,29.648,,29.577,,29.169,,28.792,,0.046,,0.051,,0.057,,0.188,,0.225,,0.203,,0.184,,3211.032,,3388.015,,3544.526,,3868.209,,4130.929,,6012.579,,8513.274,,85514.5,,121831.6,,164555.5,,1451511,,2055726,,2960038,,4029054,,0.0905132453930627,0.0707999336553989
62.0,59812.4604718,,1.184,,5,,6,,7,,21,,25,,30,,35,,29.89,,29.777,,29.689,,29.925,,30.105,,30.085,,30.862,,0.05,,0.054,,0.058,,0.257,,0.388,,0.502,,1.311,,3088.018,,3424.025,,3714.819,,2989.246,,2531.77,,2579.539,,1261.45,,89227.97,,127393.9,,172187.2,,1517392,,2149034,,3093338,,4207917,,0.0875559537986058,0.0749809294131581
63.0,59812.4644337,,1.187,,5,,6,,7,,21,,25,,30,,35,,29.805,,29.724,,29.639,,29.842,,29.954,,30.319,,29.922,,0.046,,0.051,,0.055,,0.238,,0.337,,0.621,,0.551,,3311.979,,3568.441,,3857.314,,3199.075,,2887.174,,2062.604,,2972.993,,89428.27,,127429.0,,172567.5,,1518340,,2149986,,3093700,,4210730,,0.0835138561903747,0.0694545397448593
64.0,59812.4683959,,1.191,,5,,6,,7,,21,,25,,30,,35,,29.937,,29.817,,29.723,,29.905,,29.003,,29.101,,29.138,,0.069,,0.074,,0.079,,0.34,,0.19,,0.273,,0.361,,2954.008,,3298.562,,3597.635,,3042.299,,6983.073,,6376.406,,6162.74,,90731.36,,129491.6,,175436.9,,1546270,,2193603,,3155289,,4292497,,0.0892701311340964,0.0780206980465796
65.0,59812.4723708,,1.196,,5,,6,,7,,21,,25,,30,,35,,29.798,,29.722,,29.681,,29.547,,29.607,,29.778,,30.41,,0.056,,0.062,,0.07,,0.224,,0.303,,0.466,,1.066,,3339.259,,3580.428,,3718.597,,4206.208,,3980.923,,3400.456,,1900.753,,91282.11,,130182.3,,175684.6,,1549691,,2194347,,3157739,,4295260,,0.0855154898381864,0.0687145614174084
66.0,59812.4763295,,1.202,,5,,6,,7,,21,,25,,30,,35,,29.902,,29.808,,29.774,,29.37,,29.211,,29.204,,29.288,,0.07,,0.077,,0.088,,0.22,,0.243,,0.318,,0.439,,3058.009,,3336.095,,3441.886,,4992.701,,5777.348,,5815.483,,5382.19,,91863.78,,130990.8,,177346.9,,1566643,,2218282,,3191992,,4342433,,0.0987764215130177,0.0781032563251977
67.0,59812.4802915,,1.208,,5,,6,,7,,21,,25,,30,,35,,29.195,,29.164,,29.095,,28.853,,28.717,,28.806,,28.719,,0.04,,0.047,,0.051,,0.148,,0.167,,0.239,,0.282,,5884.75,,6055.245,,6447.712,,8060.412,,9131.686,,8414.35,,9121.335,,96404.06,,136801.1,,183440.9,,1601720,,2268762,,3261960,,4437290,,0.0498448764704729,0.0394771313250137
68.0,59812.4842544,,1.216,,5,,6,,7,,21,,25,,30,,35,,29.963,,29.774,,29.682,,28.759,,28.519,,28.26,,28.076,,0.084,,0.085,,0.091,,0.142,,0.146,,0.151,,0.163,,2890.007,,3437.478,,3741.157,,8757.412,,10922.74,,13863.7,,16428.6,,94487.38,,135090.0,,183108.8,,1619283,,2292768,,3299739,,4489190,,0.091085929074324,0.0834978313152281
69.0,59812.4882162,,1.224,,5,,6,,7,,21,,25,,30,,35,,30.126,,30.028,,29.963,,30.201,,30.125,,30.361,,30.274,,0.084,,0.092,,0.102,,0.462,,0.552,,0.903,,1.066,,2496.121,,2731.792,,2900.052,,2328.405,,2497.672,,2009.638,,2176.465,,94628.09,,135658.4,,182994.0,,1623949,,2301575,,3312253,,4507188,,0.1099957350645507,0.0929128437057603
70.0,59812.492193,,1.234,,5,,6,,7,,21,,25,,30,,35,,29.95,,29.841,,29.741,,29.743,,29.661,,29.513,,29.646,,0.065,,0.07,,0.075,,0.273,,0.324,,0.372,,0.537,,2923.639,,3232.084,,3544.492,,3536.45,,3814.596,,4371.646,,3868.75,,97232.98,,139008.8,,188006.2,,1661548,,2354030,,3388530,,4609960,,0.0947247891452701,0.0821740851453705
71.0,59812.4961559,,1.244,,5,,6,,7,,21,,25,,30,,35,,29.955,,29.804,,29.652,,29.543,,29.454,,29.306,,29.107,,0.083,,0.087,,0.089,,0.293,,0.346,,0.397,,0.423,,2901.439,,3334.097,,3835.88,,4241.402,,4603.505,,5273.879,,6336.904,,98600.23,,140813.9,,191417.4,,1687113,,2388991,,3438690,,4679610,,0.0899442520969114,0.084470579942323
72.0,59812.5001181,,1.255,,5,,6,,7,,21,,25,,30,,35,,30.185,,30.062,,30.021,,30.319,,30.597,,31.811,,32.132,,0.082,,0.088,,0.099,,0.476,,0.787,,3.17,,5.441,,2363.903,,2646.611,,2748.805,,2088.776,,1616.986,,528.5786,,393.4403,,99615.38,,143019.0,,192885.8,,1713523,,2428169,,3494505,,4755818,,0.122595392532813,0.1025028454380737
73.0,59812.5040803,,1.268,,5,,6,,7,,21,,25,,30,,35,,30.048,,29.891,,29.759,,29.513,,29.401,,29.532,,29.435,,0.069,,0.072,,0.074,,0.214,,0.247,,0.367,,0.429,,2682.264,,3098.378,,3498.968,,4387.24,,4866.99,,4312.935,,4714.049,,103157.6,,147544.0,,200006.7,,1771156,,2508325,,3609016,,4910901,,0.0985331733930235,0.0921240128340815
74.0,59812.5080438,,1.282,,5,,6,,7,,21,,25,,30,,35,,29.943,,29.849,,29.743,,29.679,,29.659,,30.069,,30.214,,0.068,,0.074,,0.079,,0.27,,0.339,,0.651,,0.95,,2949.143,,3215.545,,3544.166,,3759.258,,3830.078,,2624.011,,2297.79,,103630.6,,148072.4,,200421.7,,1774073,,2513083,,3615649,,4919459,,0.0993481062963119,0.0849532771724806
75.0,59812.5120065,,1.297,,5,,6,,7,,21,,25,,30,,35,,29.936,,29.802,,29.721,,29.237,,29.236,,29.133,,29.175,,0.065,,0.069,,0.075,,0.173,,0.221,,0.264,,0.351,,2958.621,,3347.299,,3605.273,,5630.828,,5638.724,,6197.161,,5962.669,,104760.8,,149231.8,,203078.5,,1795188,,2540344,,3656011,,4973863,,0.0953862556372746,0.0835676203848257
76.0,59812.5159809,,1.313,,5,,6,,7,,21,,25,,30,,35,,29.902,,29.815,,29.724,,29.285,,29.465,,29.213,,29.125,,0.08,,0.089,,0.096,,0.234,,0.354,,0.37,,0.435,,3047.774,,3302.784,,3591.315,,5379.575,,4558.15,,5746.745,,6233.577,,105034.3,,150473.6,,202953.4,,1800679,,2549899,,3670547,,4993763,,0.1011988660755348,0.0839933222873265
77.0,59812.519944,,1.33,,5,,6,,7,,21,,25,,30,,35,,29.938,,29.816,,29.728,,29.338,,29.134,,29.221,,29.095,,0.086,,0.092,,0.099,,0.253,,0.268,,0.383,,0.435,,2944.532,,3294.889,,3574.769,,5117.715,,6173.902,,5700.129,,6402.472,,106250.8,,151674.5,,205780.2,,1821218,,2579084,,3710693,,5049185,,0.0941620852324052,0.0830955515451492
78.0,59812.5239069,,1.349,,5,,6,,7,,21,,25,,30,,35,,29.821,,29.694,,29.589,,29.425,,29.222,,29.025,,28.996,,0.059,,0.063,,0.067,,0.207,,0.219,,0.24,,0.299,,3277.675,,3685.189,,4058.464,,4717.982,,5690.604,,6825.559,,7006.255,,107848.6,,154076.6,,208589.7,,1843922,,2611750,,3759215,,5114256,,0.0888879788942472,0.078175516232015
79.0,59812.5278691,,1.369,,5,,6,,7,,21,,25,,30,,35,,29.853,,29.747,,29.684,,29.54,,29.319,,29.148,,29.458,,0.05,,0.054,,0.06,,0.187,,0.196,,0.22,,0.373,,3182.824,,3508.681,,3718.279,,4245.819,,5201.836,,6093.274,,4577.586,,108460.7,,154633.3,,209734.2,,1854238,,2626537,,3780628,,5141938,,0.0954154350560085,0.0797487486761238
80.0,59812.5318309,,1.391,,5,,6,,7,,21,,25,,30,,35,,29.969,,29.808,,29.711,,29.409,,29.369,,29.245,,29.206,,0.059,,0.061,,0.066,,0.179,,0.221,,0.26,,0.32,,2852.131,,3308.908,,3617.701,,4776.307,,4957.92,,5553.758,,5757.269,,108318.3,,154744.4,,209975.6,,1858304,,2631231,,3787215,,5152797,,0.0959500144371902,0.0877543188741414
81.0,59812.5358094,,1.415,,5,,6,,7,,21,,25,,30,,35,,29.863,,29.66,,29.538,,29.337,,29.329,,29.341,,29.36,,0.06,,0.06,,0.062,,0.187,,0.237,,0.316,,0.41,,3158.292,,3807.496,,4262.262,,5127.375,,5166.792,,5109.592,,5021.172,,110905.3,,158986.2,,214925.9,,1899941,,2691001,,3872454,,5268469,,0.0855182498187748,0.0821876265989732
82.0,59812.539771,,1.44,,5,,6,,7,,21,,25,,30,,35,,30.008,,29.915,,29.792,,29.419,,29.439,,29.437,,29.4,,0.066,,0.072,,0.076,,0.194,,0.253,,0.332,,0.41,,2745.052,,2991.989,,3350.212,,4725.24,,4638.804,,4647.033,,4807.383,,108568.0,,154895.0,,210420.6,,1864244,,2639541,,3798672,,5168673,,0.1062874588062301,0.0927658186169979
83.0,59812.5437332,,1.468,,5,,6,,7,,21,,25,,30,,35,,29.72,,29.632,,29.566,,29.211,,29.095,,28.872,,28.93,,0.055,,0.061,,0.067,,0.174,,0.2,,0.215,,0.289,,3569.708,,3873.034,,4113.038,,5707.044,,6351.148,,7795.362,,7389.601,,108907.5,,155219.2,,210080.6,,1856976,,2629907,,3785366,,5148800,,0.0902426633740521,0.0730472199955644
84.0,59812.5476961,,1.498,,5,,6,,7,,21,,25,,30,,35,,29.936,,29.843,,29.774,,29.616,,29.757,,30.692,,30.248,,0.074,,0.081,,0.089,,0.28,,0.409,,1.272,,1.079,,2938.48,,3198.568,,3409.406,,3943.323,,3462.84,,1463.555,,2204.01,,107407.7,,153903.2,,207642.5,,1842494,,2610030,,3754517,,5109957,,0.106010785903254,0.0872292436337849
86.0,59812.5516722,,1.529,,5,,6,,7,,21,,25,,30,,35,,29.726,,29.592,,29.524,,29.294,,28.905,,28.957,,28.931,,0.052,,0.055,,0.06,,0.176,,0.157,,0.217,,0.271,,3553.331,,4022.708,,4281.359,,5291.932,,7571.931,,7217.841,,7391.37,,109632.3,,156565.7,,211815.7,,1870390,,2650449,,3812881,,5187425,,0.0829818492835243,0.0716003028520849
87.0,59813.3534066,,1.422,,5,,6,,7,,21,,25,,30,,35,,29.344,,29.302,,29.238,,29.167,,29.306,,29.584,,30.956,,0.051,,0.059,,0.065,,0.222,,0.323,,0.549,,2.481,,4962.718,,5159.412,,5472.727,,5842.827,,5140.875,,3980.619,,1125.168,,90042.23,,127303.2,,172072.3,,1501642,,2124186,,3055334,,4154606,,0.0602861719135826,0.0468647092957437
88.0,59813.3573665,,1.398,,5,,6,,7,,21,,25,,30,,35,,29.312,,29.279,,29.255,,29.267,,29.203,,29.22,,29.225,,0.041,,0.047,,0.054,,0.197,,0.237,,0.317,,0.407,,5113.406,,5269.324,,5389.086,,5329.707,,5653.947,,5565.82,,5542.644,,89444.33,,126659.5,,170351.0,,1487783,,2107004,,3031515,,4124158,,0.0604832008255107,0.0450734534405564
89.0,59813.3613288,,1.375,,5,,6,,7,,21,,25,,30,,35,,29.394,,29.317,,29.271,,29.166,,29.059,,28.852,,28.673,,0.038,,0.042,,0.047,,0.153,,0.178,,0.194,,0.21,,4776.825,,5127.934,,5348.44,,5891.218,,6504.563,,7868.279,,9277.699,,87255.45,,124130.7,,166569.9,,1457466,,2064534,,2971119,,4042115,,0.0611698619542687,0.0481721774358482
90.0,59813.3652912,,1.354,,5,,6,,7,,21,,25,,30,,35,,29.416,,29.349,,29.335,,29.199,,29.177,,29.279,,29.183,,0.041,,0.046,,0.053,,0.169,,0.212,,0.305,,0.357,,4667.266,,4966.814,,5028.853,,5700.659,,5815.214,,5298.004,,5787.752,,86954.65,,123836.8,,165919.7,,1454559,,2060151,,2963244,,4031674,,0.0627094877651174,0.0482413209037404
91.0,59813.3692529,,1.335,,5,,6,,7,,21,,25,,30,,35,,29.476,,29.331,,29.251,,29.241,,28.894,,28.788,,28.637,,0.049,,0.052,,0.056,,0.202,,0.188,,0.224,,0.249,,4402.003,,5031.497,,5415.095,,5463.17,,7523.983,,8292.179,,9529.765,,86309.81,,123221.5,,165555.1,,1447433,,2051938,,2951727,,4015213,,0.0578893971729788,0.05092717343903
92.0,59813.3732155,,1.318,,5,,6,,7,,21,,25,,30,,35,,29.568,,29.468,,29.374,,29.506,,29.304,,29.126,,28.958,,0.055,,0.06,,0.064,,0.262,,0.278,,0.311,,0.34,,4088.39,,4483.495,,4887.55,,4327.358,,5211.431,,6144.902,,7171.283,,85641.17,,122288.9,,164331.7,,1440458,,2041477,,2938077,,3997449,,0.0641050561245429,0.0547709574195269
93.0,59813.3771784,,1.301,,5,,6,,7,,21,,25,,30,,35,,29.555,,29.454,,29.357,,29.082,,28.811,,28.32,,28.31,,0.05,,0.054,,0.058,,0.162,,0.162,,0.135,,0.171,,4132.692,,4535.055,,4958.787,,6393.376,,8203.656,,12889.09,,13016.77,,84868.0,,121129.8,,162762.7,,1428148,,2024095,,2915434,,3963297,,0.0636607553708386,0.0543360750798235
94.0,59813.3811417,,1.286,,5,,6,,7,,21,,25,,30,,35,,29.649,,29.638,,29.602,,29.185,,28.987,,28.982,,28.789,,0.049,,0.058,,0.065,,0.16,,0.17,,0.223,,0.239,,3793.202,,3833.027,,3963.826,,5818.685,,6979.167,,7013.993,,8378.169,,85204.04,,121043.5,,163303.8,,1438509,,2037112,,2930088,,3986968,,0.079002960506093,0.0589675505153948
95.0,59813.3851043,,1.272,,5,,6,,7,,21,,25,,30,,35,,29.602,,29.477,,29.368,,29.041,,29.024,,29.086,,28.911,,0.041,,0.044,,0.046,,0.122,,0.154,,0.214,,0.233,,3982.726,,4469.705,,4944.539,,6677.103,,6785.474,,6409.491,,7527.352,,85412.53,,121967.2,,164147.3,,1439238,,2037812,,2930896,,3988053,,0.0656842351481745,0.057510155931637
96.0,59813.3890661,,1.259,,5,,6,,7,,21,,25,,30,,35,,29.688,,29.631,,29.588,,29.758,,30.083,,30.688,,31.264,,0.051,,0.058,,0.065,,0.273,,0.471,,1.083,,2.352,,3679.165,,3878.446,,4036.901,,3451.113,,2558.67,,1464.684,,861.9642,,84713.66,,120456.1,,162550.2,,1428944,,2022393,,2909753,,3959274,,0.077263243815645,0.0606091723910621
97.0,59813.3930286,,1.247,,5,,6,,7,,21,,25,,30,,35,,29.727,,29.679,,29.65,,29.661,,29.599,,29.524,,29.583,,0.053,,0.06,,0.069,,0.251,,0.303,,0.373,,0.503,,3560.784,,3721.551,,3823.93,,3782.63,,4005.325,,4291.565,,4066.437,,83214.99,,118222.0,,159956.2,,1405005,,1989439,,2863178,,3895238,,0.0777990822630368,0.060726925358616
98.0,59813.4069486,,1.214,,5,,6,,7,,21,,25,,30,,35,,29.685,,29.612,,29.571,,29.721,,29.56,,30.108,,30.211,,0.051,,0.058,,0.065,,0.268,,0.297,,0.647,,0.909,,3691.233,,3946.171,,4099.78,,3568.815,,4141.399,,2499.268,,2272.981,,79717.56,,113552.0,,152740.6,,1341347,,1900695,,2733186,,3718500,,0.077332925427124,0.0601491599983457
99.0,59813.4109096,,1.207,,5,,6,,7,,21,,25,,30,,35,,29.734,,29.677,,29.661,,30.416,,30.691,,INDEF,,INDEF,,0.046,,0.052,,0.06,,0.431,,0.711,,INDEF,,INDEF,,3544.589,,3734.936,,3790.011,,1890.432,,1467.932,,-355.3965,,-2320.083,,79711.6,,113154.9,,152956.0,,1341119,,1898774,,2731882,,3716828,,0.0770148170395762,0.0597846582631085
100.0,59813.4148727,,1.2,,5,,6,,7,,21,,25,,30,,35,,29.747,,29.748,,29.754,,30.451,,30.271,,29.8,,30.233,,0.04,,0.047,,0.055,,0.371,,0.403,,0.344,,0.655,,3513.939,,3511.575,,3491.99,,1837.881,,2168.796,,3347.428,,2247.311,,79706.4,,113069.2,,152553.2,,1341901,,1900733,,2737071,,3723067,,0.0851090821777367,0.0609788140656125
101.0,59813.4188343,,1.195,,5,,6,,7,,21,,25,,30,,35,,29.785,,29.774,,29.816,,30.351,,30.616,,30.473,,30.84,,0.043,,0.051,,0.061,,0.36,,0.59,,0.682,,1.222,,3386.401,,3420.802,,3291.952,,2011.155,,1575.309,,1797.38,,1282.27,,79676.95,,113242.6,,152610.0,,1344195,,1903981,,2740897,,3729115,,0.09364437179893,0.0644745809982332
102.0,59813.4227968,,1.19,,5,,6,,7,,21,,25,,30,,35,,29.686,,29.649,,29.612,,29.789,,29.751,,29.86,,29.557,,0.045,,0.052,,0.058,,0.248,,0.307,,0.447,,0.432,,3713.952,,3842.893,,3978.06,,3377.63,,3499.875,,3166.008,,4182.92,,79834.75,,113253.6,,152812.1,,1341316,,1899703,,2733436,,3720125,,0.0755217359890608,0.0579999594872317
103.0,59813.4267596,,1.186,,5,,6,,7,,21,,25,,30,,35,,29.765,,29.736,,29.706,,31.122,,31.782,,31.92,,INDEF,,0.057,,0.066,,0.075,,1.007,,2.373,,3.552,,INDEF,,3443.345,,3537.108,,3636.167,,987.3824,,537.2724,,473.2047,,-1858.39,,79236.39,,112923.9,,151816.1,,1334605,,1891372,,2723061,,3703795,,0.0818397529266934,0.0621762350834272
104.0,59813.4307831,,1.183,,5,,6,,7,,21,,25,,30,,35,,29.857,,29.767,,29.731,,31.593,,33.297,,31.887,,31.011,,0.05,,0.055,,0.062,,1.243,,7.664,,2.758,,1.576,,3162.989,,3435.681,,3549.519,,639.2722,,133.0361,,487.6072,,1092.045,,79070.58,,112461.6,,151996.6,,1334547,,1890444,,2722298,,3705590,,0.0862760731527093,0.0688059484295857
105.0,59813.4347462,,1.181,,5,,6,,7,,21,,25,,30,,35,,29.675,,29.595,,29.521,,29.753,,29.862,,29.498,,29.054,,0.055,,0.062,,0.068,,0.304,,0.431,,0.406,,0.345,,3760.493,,4045.829,,4330.796,,3500.028,,3164.562,,4426.428,,6661.982,,80360.75,,114133.5,,154336.2,,1350473,,1911597,,2752544,,3747284,,0.0727976638145723,0.058970227949661
106.0,59813.4387097,,1.179,,5,,6,,7,,21,,25,,30,,35,,29.732,,29.683,,29.641,,30.244,,31.204,,INDEF,,INDEF,,0.053,,0.061,,0.069,,0.434,,1.348,,INDEF,,INDEF,,3558.734,,3721.613,,3869.477,,2219.362,,917.2329,,-746.5965,,-651.4703,,80982.7,,115162.6,,155331.9,,1363291,,1930164,,2777380,,3780671,,0.0764172177461935,0.0601976724555229
107.0,59813.4426715,,1.179,,5,,6,,7,,21,,25,,30,,35,,29.788,,29.728,,29.761,,29.204,,29.441,,29.441,,29.29,,0.052,,0.059,,0.071,,0.155,,0.247,,0.326,,0.363,,3395.095,,3585.87,,3479.205,,5813.287,,4670.068,,4672.714,,5371.173,,82551.58,,117119.6,,158403.0,,1395295,,1972732,,2838990,,3863687,,0.0846849460384396,0.063354646018065
108.0,59813.4466343,,1.179,,5,,6,,7,,21,,25,,30,,35,,30.073,,30.03,,30.054,,INDEF,,INDEF,,INDEF,,INDEF,,0.09,,0.104,,0.125,,INDEF,,INDEF,,INDEF,,INDEF,,2616.436,,2720.02,,2662.098,,-1383.242,,-3373.599,,-5025.823,,-5011.073,,82442.41,,117225.8,,159018.4,,1401967,,1984485,,2857440,,3891311,,0.11211450801381,0.0829425064788837
109.0,59813.4562246,,1.183,,5,,6,,7,,21,,25,,30,,35,,29.869,,29.74,,29.683,,31.106,,INDEF,,INDEF,,INDEF,,0.055,,0.058,,0.064,,0.867,,INDEF,,INDEF,,INDEF,,3192.616,,3597.587,,3789.036,,1021.995,,-112.4587,,-102.9366,,-1094.353,,84066.39,,119880.8,,162099.1,,1423008,,2014725,,2901446,,3948392,,0.0819253686685918,0.0696010361908181
110.0,59813.4601875,,1.186,,5,,6,,7,,21,,25,,30,,35,,29.869,,29.814,,29.819,,INDEF,,INDEF,,INDEF,,INDEF,,0.063,,0.071,,0.084,,INDEF,,INDEF,,INDEF,,INDEF,,3179.894,,3344.451,,3328.818,,-373.1345,,-2074.706,,-3555.086,,-6363.62,,84280.5,,119800.3,,162112.0,,1425268,,2017642,,2904842,,3952248,,0.0918252963091311,0.0693579548816281
111.0,59813.4641497,,1.189,,5,,6,,7,,21,,25,,30,,35,,29.831,,29.724,,29.679,,29.624,,29.315,,28.987,,28.746,,0.057,,0.061,,0.069,,0.238,,0.23,,0.225,,0.23,,3285.518,,3627.139,,3780.751,,3975.742,,5286.424,,7152.688,,8930.795,,84034.56,,119765.9,,161648.6,,1423582,,2017265,,2904135,,3951741,,0.0847350381105019,0.0689123892353047
112.0,59813.4681124,,1.194,,5,,6,,7,,21,,25,,30,,35,,29.863,,29.757,,29.715,,30.349,,30.547,,30.532,,30.216,,0.061,,0.066,,0.075,,0.489,,0.755,,0.982,,0.941,,3196.498,,3524.709,,3663.422,,2043.469,,1701.967,,1726.524,,2309.641,,85036.53,,121271.0,,163853.8,,1440782,,2040472,,2937737,,3998636,,0.0893520292718214,0.0718940103479654
113.0,59813.4720742,,1.199,,5,,6,,7,,21,,25,,30,,35,,29.788,,29.74,,29.671,,29.197,,29.012,,28.724,,28.568,,0.07,,0.08,,0.089,,0.21,,0.228,,0.23,,0.256,,3396.877,,3550.465,,3782.839,,5856.957,,6944.512,,9054.47,,10450.7,,86560.08,,122970.4,,166664.5,,1467453,,2077537,,2990715,,4068995,,0.0903687928012463,0.0694964046316028
114.0,59813.4760451,,1.206,,5,,6,,7,,21,,25,,30,,35,,29.98,,29.851,,29.81,,29.575,,29.322,,29.308,,29.177,,0.094,,0.1,,0.114,,0.337,,0.343,,0.447,,0.507,,2861.185,,3223.316,,3348.647,,4156.105,,5248.867,,5314.536,,5997.602,,88028.86,,125225.1,,170265.5,,1501203,,2125591,,3058497,,4161642,,0.1017382703766333,0.0829168670887511
115.0,59813.480009,,1.213,,5,,6,,7,,21,,25,,30,,35,,29.896,,29.791,,29.707,,29.479,,29.315,,29.538,,29.37,,0.059,,0.064,,0.07,,0.207,,0.23,,0.372,,0.409,,3094.022,,3408.16,,3680.234,,4540.459,,5278.693,,4302.329,,5022.476,,88897.39,,127272.4,,171447.2,,1514727,,2146490,,3087425,,4201178,,0.0901796835458846,0.0756999985532066
116.0,59813.4839721,,1.221,,5,,6,,7,,21,,25,,30,,35,,30.039,,29.882,,29.807,,29.322,,29.075,,28.614,,28.129,,0.07,,0.073,,0.079,,0.187,,0.192,,0.166,,0.136,,2728.982,,3154.068,,3379.936,,5279.887,,6631.973,,10141.99,,15843.32,,90026.4,,128560.4,,174335.0,,1540195,,2181146,,3141543,,4278366,,0.0997745872904075,0.0869973575147592
117.0,59813.4879347,,1.23,,5,,6,,7,,21,,25,,30,,35,,29.919,,29.857,,29.839,,29.43,,29.06,,28.999,,29.14,,0.06,,0.067,,0.078,,0.196,,0.179,,0.224,,0.327,,3027.267,,3207.071,,3260.372,,4749.538,,6681.916,,7066.282,,6204.555,,90310.99,,128626.5,,174353.3,,1539875,,2181799,,3139127,,4269241,,0.0967518907204217,0.07531189004329
118.0,59813.4919096,,1.24,,5,,6,,7,,21,,25,,30,,35,,29.931,,29.796,,29.731,,28.515,,28.336,,28.213,,28.052,,0.052,,0.055,,0.06,,0.072,,0.079,,0.093,,0.103,,2990.808,,3387.344,,3595.36,,11028.26,,12997.17,,14564.25,,16881.82,,90127.78,,128500.0,,174220.2,,1541871,,2181369,,3137280,,4267620,,0.0923926644299299,0.0785706158391835
119.0,59813.4958719,,1.251,,5,,6,,7,,21,,25,,30,,35,,29.941,,29.872,,29.831,,28.984,,28.514,,28.244,,27.991,,0.074,,0.084,,0.095,,0.161,,0.134,,0.138,,0.14,,2943.304,,3134.919,,3255.72,,7106.111,,10951.77,,14048.04,,17735.76,,90068.9,,128773.4,,173678.5,,1539952,,2183971,,3143079,,4276461,,0.110619806722504,0.0834037998321614
120.0,59813.4998321,,1.263,,5,,6,,7,,21,,25,,30,,35,,30.23,,30.044,,29.938,,29.513,,29.644,,29.131,,28.655,,0.097,,0.098,,0.105,,0.263,,0.381,,0.314,,0.26,,2260.342,,2684.462,,2958.985,,4375.264,,3878.503,,6221.666,,9648.294,,89332.33,,127529.9,,173514.0,,1535041,,2171968,,3128118,,4259014,,0.111435654179975,0.103572230168132
121.0,59813.5037951,,1.276,,5,,6,,7,,21,,25,,30,,35,,30.151,,30.047,,29.995,,30.087,,30.528,,31.51,,33.575,,0.095,,0.104,,0.116,,0.468,,0.902,,2.945,,25.286,,2437.593,,2683.76,,2815.352,,2585.797,,1723.358,,697.2505,,104.1213,,90990.14,,129462.0,,175844.2,,1554043,,2198971,,3165523,,4308594,,0.1132413127602748,0.0943880363295081
122.0,59813.5077729,,1.291,,5,,6,,7,,21,,25,,30,,35,,30.156,,29.944,,29.842,,29.94,,29.958,,30.169,,29.275,,0.079,,0.078,,0.084,,0.337,,0.441,,0.708,,0.399,,2432.847,,2957.488,,3245.986,,2967.719,,2918.471,,2403.213,,5474.544,,93070.02,,133125.1,,180783.5,,1596214,,2260120,,3252735,,4429631,,0.1039608116432412,0.0984084960538234
123.0,59813.5117352,,1.307,,5,,6,,7,,21,,25,,30,,35,,30.127,,30.038,,30.033,,29.421,,29.33,,29.058,,28.563,,0.08,,0.088,,0.103,,0.216,,0.256,,0.263,,0.214,,2497.843,,2710.217,,2722.79,,4785.032,,5201.713,,6685.133,,10548.84,,96974.54,,139022.0,,187404.4,,1668447,,2364052,,3402837,,4632774,,0.127999461354506,0.09826754929244
124.0,59813.5156968,,1.324,,5,,6,,7,,21,,25,,30,,35,,30.068,,29.876,,29.775,,29.459,,29.001,,28.537,,28.216,,0.075,,0.076,,0.081,,0.224,,0.189,,0.163,,0.155,,2633.932,,3143.433,,3449.902,,4618.312,,7041.419,,10790.67,,14500.78,,98855.46,,141292.2,,191891.6,,1695860,,2403020,,3460973,,4710664,,0.0994309801153517,0.0927917551252014
125.0,59813.5196586,,1.342,,5,,6,,7,,21,,25,,30,,35,,30.195,,30.104,,30.084,,29.981,,29.633,,29.194,,28.472,,0.081,,0.089,,0.103,,0.345,,0.322,,0.284,,0.187,,2331.609,,2534.155,,2580.755,,2838.454,,3911.153,,5860.182,,11390.27,,99919.51,,143002.3,,193483.0,,1718544,,2435784,,3507619,,4777538,,0.134051085227522,0.1055889083734055
126.0,59813.5236352,,1.362,,5,,6,,7,,21,,25,,30,,35,,29.883,,29.847,,29.877,,29.954,,29.872,,30.247,,29.583,,0.055,,0.063,,0.076,,0.299,,0.356,,0.665,,0.463,,3118.059,,3222.338,,3135.87,,2920.695,,3149.22,,2229.932,,4110.608,,103354.2,,147814.8,,199102.1,,1766976,,2504058,,3603155,,4904827,,0.1070216068291042,0.0781868611816499
127.0,59813.5275976,,1.383,,5,,6,,7,,21,,25,,30,,35,,30.021,,29.915,,29.871,,29.517,,29.64,,29.78,,29.019,,0.065,,0.071,,0.08,,0.212,,0.305,,0.458,,0.291,,2752.535,,3037.15,,3162.645,,4381.16,,3910.217,,3438.718,,6928.676,,105417.3,,151167.6,,203862.0,,1811564,,2566199,,3692393,,5026979,,0.1145112967171063,0.0928836704397986
128.0,59813.53156,,1.406,,5,,6,,7,,21,,25,,30,,35,,30.29,,30.098,,29.938,,28.51,,28.446,,28.398,,27.993,,0.098,,0.099,,0.1,,0.099,,0.12,,0.152,,0.134,,2145.459,,2559.686,,2968.176,,11054.75,,11726.17,,12256.59,,17800.57,,103304.0,,147776.0,,200992.7,,1788852,,2530599,,3639297,,4954551,,0.120934088700682,0.1185503835719366
130.0,59813.535536,,1.431,,5,,6,,7,,21,,25,,30,,35,,30.017,,29.96,,29.97,,29.762,,29.409,,29.14,,28.461,,0.08,,0.091,,0.108,,0.328,,0.305,,0.314,,0.216,,2737.066,,2884.761,,2856.943,,3460.378,,4790.529,,6134.327,,11473.32,,104929.2,,149744.0,,202984.8,,1800457,,2550804,,3672371,,5001763,,0.1287363226798744,0.0938616243389863
131.0,59813.5394993,,1.458,,5,,6,,7,,21,,25,,30,,35,,30.079,,29.909,,29.811,,29.215,,29.003,,29.059,,28.469,,0.072,,0.075,,0.08,,0.169,,0.179,,0.249,,0.185,,2597.124,,3036.209,,3322.273,,5753.588,,6994.032,,6641.992,,11435.47,,105997.8,,151736.7,,205796.0,,1824086,,2583428,,3716732,,5061383,,0.106371064744328,0.0971496941976252
132.0,59814.3233782,,1.647,,5,,6,,7,,21,,25,,30,,35,,30.078,,30.012,,30.021,,30.678,,29.999,,30.148,,29.929,,0.07,,0.079,,0.093,,0.617,,0.423,,0.639,,0.667,,2536.531,,2696.611,,2674.457,,1460.547,,2729.444,,2378.608,,2910.629,,97569.77,,139973.9,,188482.3,,1674884,,2375445,,3418769,,4652561,,0.1262416017644436,0.0951927217101509
133.0,59814.3281101,,1.599,,5,,6,,7,,21,,25,,30,,35,,29.602,,29.491,,29.399,,29.496,,29.349,,29.131,,28.882,,0.041,,0.044,,0.047,,0.182,,0.204,,0.219,,0.222,,3932.322,,4354.529,,4743.169,,4335.473,,4964.457,,6066.787,,7635.791,,96433.01,,137824.3,,185537.6,,1633152,,2314424,,3331178,,4533143,,0.0702150503950624,0.0605800571877241
134.0,59814.3320731,,1.562,,5,,6,,7,,21,,25,,30,,35,,29.776,,29.669,,29.638,,29.307,,29.176,,29.205,,29.172,,0.069,,0.076,,0.086,,0.231,,0.262,,0.355,,0.44,,3350.199,,3696.451,,3805.991,,5160.804,,5824.125,,5670.65,,5842.686,,93289.23,,133466.0,,179634.1,,1588486,,2250647,,3237611,,4404057,,0.0862943929207023,0.0701147934584777
135.0,59814.3360354,,1.528,,5,,6,,7,,21,,25,,30,,35,,29.702,,29.656,,29.628,,28.989,,28.664,,28.491,,28.252,,0.048,,0.055,,0.062,,0.124,,0.117,,0.132,,0.135,,3523.518,,3675.573,,3771.712,,6797.566,,9168.655,,10749.92,,13401.36,,91360.62,,130468.9,,175460.0,,1553691,,2202433,,3168517,,4311038,,0.0860474619390763,0.0658822963154703
136.0,59814.3400011,,1.496,,5,,6,,7,,21,,25,,30,,35,,29.796,,29.775,,29.72,,29.194,,29.17,,29.408,,29.707,,0.049,,0.057,,0.063,,0.14,,0.175,,0.287,,0.482,,3275.923,,3339.941,,3515.804,,5706.99,,5833.898,,4683.012,,3558.359,,91201.85,,130214.2,,175392.2,,1554062,,2201179,,3165421,,4305361,,0.0923612349649486,0.0708975201363005
137.0,59814.3479262,,1.439,,5,,6,,7,,21,,25,,30,,35,,29.758,,29.662,,29.627,,29.696,,29.308,,29.136,,29.153,,0.069,,0.076,,0.086,,0.333,,0.299,,0.336,,0.435,,3392.417,,3703.556,,3825.49,,3591.73,,5130.748,,6011.663,,5922.339,,91213.51,,129970.3,,175627.1,,1547460,,2192793,,3156269,,4293827,,0.0848658009413409,0.0684220903178833
138.0,59814.3518883,,1.414,,5,,6,,7,,21,,25,,30,,35,,29.833,,29.787,,29.86,,29.417,,29.376,,29.282,,28.963,,0.075,,0.086,,0.108,,0.262,,0.323,,0.39,,0.371,,3175.94,,3312.475,,3097.177,,4658.478,,4839.128,,5276.979,,7079.883,,90684.03,,129297.0,,174370.1,,1544612,,2186973,,3147213,,4283562,,0.104660914924064,0.0729554963815786
139.0,59814.3558507,,1.391,,5,,6,,7,,21,,25,,30,,35,,29.212,,29.119,,29.095,,28.988,,28.967,,29.089,,29.546,,0.032,,0.035,,0.04,,0.128,,0.161,,0.237,,0.462,,5631.146,,6139.13,,6271.152,,6923.836,,7061.07,,6307.014,,4140.123,,94067.03,,133308.0,,179423.1,,1561796,,2210199,,3178911,,4322629,,0.0519723774598176,0.0413641112879404
140.0,59814.3598133,,1.368,,5,,6,,7,,21,,25,,30,,35,,29.947,,29.917,,29.907,,29.505,,29.183,,29.101,,29.022,,0.059,,0.069,,0.08,,0.2,,0.19,,0.232,,0.275,,2896.816,,2977.664,,3004.171,,4350.807,,5854.239,,6311.538,,6793.696,,90888.43,,129157.2,,175219.1,,1548752,,2193335,,3156635,,4295344,,0.1081974350176277,0.0802058404390541
141.0,59814.3637721,,1.348,,5,,6,,7,,21,,25,,30,,35,,29.751,,29.635,,29.55,,29.167,,29.2,,29.067,,29.051,,0.05,,0.054,,0.058,,0.147,,0.193,,0.225,,0.283,,3480.616,,3873.232,,4188.399,,5958.332,,5779.361,,6533.13,,6632.771,,90551.88,,129234.7,,174479.7,,1536535,,2175473,,3130870,,4259131,,0.0771710554054112,0.0664029703533373
142.0,59814.3677357,,1.33,,5,,6,,7,,21,,25,,30,,35,,29.834,,29.698,,29.574,,29.763,,29.658,,30.376,,31.675,,0.061,,0.065,,0.068,,0.291,,0.339,,0.863,,3.649,,3233.027,,3663.447,,4106.212,,3450.472,,3801.871,,1962.889,,592.8375,,90185.07,,128758.8,,174194.8,,1532822,,2171070,,3122554,,4247888,,0.0786687581090563,0.0714392206643556
143.0,59814.3716994,,1.312,,5,,6,,7,,21,,25,,30,,35,,29.711,,29.63,,29.606,,29.186,,29.08,,28.934,,28.868,,0.062,,0.068,,0.079,,0.193,,0.225,,0.258,,0.311,,3599.828,,3878.99,,3964.406,,5840.865,,6437.095,,7362.666,,7823.073,,89987.45,,127918.0,,173158.8,,1524142,,2157383,,3104725,,4223814,,0.0812683032802714,0.0639514326089131
144.0,59814.3756586,,1.296,,5,,6,,7,,21,,25,,30,,35,,29.723,,29.634,,29.559,,28.844,,28.628,,28.454,,28.182,,0.061,,0.067,,0.074,,0.138,,0.145,,0.162,,0.161,,3592.766,,3902.112,,4181.276,,8074.387,,9851.063,,11563.43,,14862.4,,90499.67,,128278.4,,173930.2,,1530123,,2165207,,3116280,,4241572,,0.0771793174311381,0.0642694274487485
145.0,59814.3796359,,1.281,,5,,6,,7,,21,,25,,30,,35,,29.584,,29.521,,29.468,,29.144,,28.996,,29.027,,29.038,,0.045,,0.05,,0.056,,0.149,,0.166,,0.224,,0.29,,4025.821,,4263.925,,4476.631,,6034.849,,6917.596,,6724.924,,6653.92,,90881.95,,129722.7,,174283.6,,1535597,,2175631,,3129347,,4256421,,0.0720995696341663,0.0573392526840484
146.0,59814.3835955,,1.268,,5,,6,,7,,21,,25,,30,,35,,29.833,,29.757,,29.716,,29.204,,29.052,,28.84,,28.638,,0.062,,0.069,,0.078,,0.177,,0.197,,0.213,,0.226,,3200.214,,3430.856,,3563.574,,5713.498,,6570.357,,7984.584,,9619.771,,89783.55,,128312.9,,172835.9,,1529642,,2167142,,3118695,,4242937,,0.090430168857045,0.0720185293152988
147.0,59814.3875579,,1.255,,5,,6,,7,,21,,25,,30,,35,,29.694,,29.604,,29.556,,28.727,,28.635,,28.343,,28.19,,0.048,,0.053,,0.059,,0.098,,0.116,,0.116,,0.129,,3659.085,,3977.132,,4156.783,,8918.714,,9711.058,,12704.93,,14623.73,,90292.52,,128963.9,,173485.5,,1534400,,2172647,,3126858,,4253029,,0.0775379149523701,0.0630052155858285
148.0,59814.3915206,,1.244,,5,,6,,7,,21,,25,,30,,35,,29.599,,29.478,,29.369,,28.631,,28.603,,28.306,,28.151,,0.037,,0.04,,0.042,,0.075,,0.094,,0.093,,0.103,,3934.155,,4397.583,,4861.442,,9593.468,,9838.776,,12942.22,,14928.61,,89489.9,,127504.4,,172276.1,,1513994,,2141863,,3082932,,4193537,,0.0659231293775527,0.0582343646244028
149.0,59814.3954836,,1.233,,5,,6,,7,,21,,25,,30,,35,,29.64,,29.557,,29.46,,28.734,,28.696,,28.548,,28.443,,0.038,,0.042,,0.045,,0.082,,0.101,,0.116,,0.135,,3822.455,,4126.486,,4512.139,,8805.273,,9122.491,,10445.77,,11511.43,,88921.0,,126220.8,,171113.9,,1503082,,2125630,,3058502,,4160775,,0.0708538670607398,0.0597757378153431
150.0,59814.3994467,,1.224,,5,,6,,7,,21,,25,,30,,35,,29.609,,29.508,,29.437,,28.686,,28.621,,28.43,,28.361,,0.044,,0.048,,0.052,,0.093,,0.112,,0.124,,0.149,,3938.067,,4321.422,,4614.28,,9207.877,,9781.301,,11656.23,,12428.59,,88052.08,,125422.0,,169245.8,,1489211,,2107089,,3031537,,4122748,,0.0688745716180072,0.057684263512153
151.0,59814.4034087,,1.216,,5,,6,,7,,21,,25,,30,,35,,29.749,,29.661,,29.619,,29.369,,29.254,,29.017,,29.028,,0.053,,0.058,,0.066,,0.188,,0.216,,0.229,,0.295,,3460.418,,3751.408,,3899.028,,4908.761,,5461.449,,6790.632,,6723.728,,87581.31,,124609.9,,168736.1,,1484186,,2101439,,3024913,,4114673,,0.0815600106688101,0.0656492288635148
152.0,59814.407372,,1.208,,5,,6,,7,,21,,25,,30,,35,,29.731,,29.643,,29.616,,29.249,,29.23,,29.219,,29.247,,0.054,,0.06,,0.068,,0.176,,0.221,,0.288,,0.377,,3503.625,,3801.994,,3896.253,,5461.581,,5562.631,,5614.669,,5474.956,,86982.92,,123974.5,,167194.7,,1473002,,2085781,,3001100,,4082631,,0.081236311212738,0.0645918958270384
153.0,59814.4113461,,1.202,,5,,6,,7,,21,,25,,30,,35,,29.805,,29.69,,29.582,,29.482,,29.523,,29.415,,29.596,,0.045,,0.048,,0.051,,0.165,,0.219,,0.261,,0.394,,3309.049,,3677.936,,4061.635,,4452.276,,4289.22,,4737.774,,4010.334,,87329.75,,124455.6,,168589.9,,1481891,,2097494,,3019095,,4107215,,0.0782213909719253,0.06861137091785
154.0,59814.4153088,,1.196,,5,,6,,7,,21,,25,,30,,35,,29.796,,29.632,,29.577,,29.213,,29.194,,29.051,,28.852,,0.047,,0.049,,0.054,,0.138,,0.174,,0.2,,0.213,,3354.097,,3900.256,,4103.288,,5735.086,,5836.61,,6661.656,,8003.497,,88918.24,,126897.3,,171441.3,,1510172,,2137640,,3076235,,4185822,,0.0780856759095898,0.0683087595104849
155.0,59814.4192722,,1.191,,5,,6,,7,,21,,25,,30,,35,,29.687,,29.574,,29.491,,29.1,,29.121,,29.192,,29.499,,0.044,,0.048,,0.052,,0.129,,0.168,,0.236,,0.401,,3756.356,,4166.367,,4500.803,,6448.312,,6325.525,,5927.244,,4466.069,,90120.55,,128589.2,,173370.8,,1524589,,2158157,,3104723,,4222179,,0.0715142058198918,0.0612782331631648
156.0,59814.4232309,,1.187,,5,,6,,7,,21,,25,,30,,35,,29.79,,29.654,,29.552,,28.653,,28.588,,28.565,,28.529,,0.055,,0.058,,0.062,,0.098,,0.118,,0.151,,0.187,,3433.281,,3888.716,,4271.856,,9779.142,,10380.29,,10604.53,,10967.33,,90324.85,,128635.7,,174358.9,,1536852,,2174270,,3126424,,4251777,,0.0756180177270907,0.0672489874625832
157.0,59814.4272063,,1.184,,5,,6,,7,,21,,25,,30,,35,,30.026,,29.891,,29.752,,29.175,,29.319,,29.278,,29.304,,0.075,,0.08,,0.082,,0.175,,0.256,,0.324,,0.424,,2753.495,,3118.795,,3544.715,,6032.099,,5282.613,,5485.536,,5355.035,,89886.77,,128502.5,,174050.4,,1538644,,2177109,,3132730,,4261874,,0.0912419044804383,0.0839680272101181
158.0,59814.4311691,,1.181,,5,,6,,7,,21,,25,,30,,35,,29.768,,29.587,,29.488,,29.191,,29.087,,28.96,,28.521,,0.049,,0.049,,0.053,,0.143,,0.166,,0.195,,0.166,,3507.014,,4144.636,,4542.594,,5966.845,,6569.106,,7382.277,,11062.25,,90967.23,,129994.4,,175647.1,,1544423,,2186723,,3146517,,4283622,,0.0713235543787829,0.0660501696862421
159.0,59814.4351316,,1.18,,5,,6,,7,,21,,25,,30,,35,,29.743,,29.641,,29.61,,29.608,,29.657,,29.673,,29.527,,0.042,,0.045,,0.051,,0.182,,0.244,,0.326,,0.364,,3571.915,,3922.521,,4034.892,,4041.316,,3863.003,,3809.15,,4354.793,,91945.74,,131088.1,,176889.4,,1558188,,2206780,,3175632,,4321122,,0.0807076303864315,0.0651878774334643
160.0,59814.4390917,,1.179,,5,,6,,7,,21,,25,,30,,35,,29.602,,29.568,,29.568,,29.45,,29.469,,29.314,,29.089,,0.036,,0.041,,0.048,,0.153,,0.199,,0.227,,0.236,,4055.296,,4182.44,,4183.57,,4663.7,,4583.087,,5288.147,,6504.791,,92215.98,,130945.3,,176533.7,,1554416,,2200980,,3167801,,4310726,,0.0777257543731221,0.0573483746025405
161.0,59814.4430664,,1.179,,5,,6,,7,,21,,25,,30,,35,,29.649,,29.554,,29.484,,29.108,,28.921,,28.714,,28.279,,0.037,,0.041,,0.044,,0.111,,0.119,,0.13,,0.111,,3910.19,,4267.922,,4553.915,,6439.218,,7646.457,,9257.246,,13817.59,,92429.09,,131542.9,,177876.5,,1562806,,2212854,,3184875,,4336424,,0.0716059282203333,0.0595972741217395
162.0,59814.4470291,,1.18,,5,,6,,7,,21,,25,,30,,35,,29.676,,29.637,,29.627,,29.218,,29.164,,29.213,,28.936,,0.042,,0.048,,0.056,,0.136,,0.166,,0.229,,0.226,,3795.807,,3931.748,,3970.043,,5787.804,,6077.789,,5814.49,,7499.628,,93435.14,,133022.1,,179463.4,,1583286,,2241962,,3225143,,4388826,,0.0826497129580053,0.0617805005140052
163.0,59814.4509884,,1.181,,5,,6,,7,,21,,25,,30,,35,,29.611,,29.531,,29.515,,29.044,,28.817,,28.893,,28.68,,0.048,,0.054,,0.062,,0.145,,0.15,,0.212,,0.223,,4019.446,,4329.106,,4391.604,,6779.093,,8353.854,,7790.148,,9479.406,,93330.85,,133271.0,,178948.8,,1579519,,2238288,,3218497,,4379205,,0.0745163855947914,0.0582362506259656
164.0,59814.4549512,,1.184,,5,,6,,7,,21,,25,,30,,35,,29.744,,29.644,,29.583,,29.968,,29.662,,29.588,,29.223,,0.053,,0.058,,0.064,,0.331,,0.321,,0.394,,0.359,,3569.099,,3916.245,,4140.656,,2905.756,,3848.958,,4121.342,,5770.919,,94296.79,,134891.2,,181557.2,,1600749,,2269269,,3265644,,4444336,,0.0796772170532776,0.066102455232674
165.0,59814.4589274,,1.187,,5,,6,,7,,21,,25,,30,,35,,29.667,,29.561,,29.491,,29.397,,29.393,,29.207,,29.216,,0.044,,0.048,,0.052,,0.17,,0.217,,0.241,,0.31,,3846.309,,4243.223,,4524.075,,4934.979,,4950.042,,5879.043,,5830.034,,93626.34,,133654.5,,180089.9,,1583633,,2242896,,3228574,,4392212,,0.0725431242452746,0.061017137749669
166.0,59814.4628919,,1.191,,5,,6,,7,,21,,25,,30,,35,,29.962,,29.795,,29.657,,29.714,,30.067,,30.271,,30.944,,0.052,,0.053,,0.055,,0.207,,0.367,,0.583,,1.384,,2952.116,,3445.485,,3911.997,,3712.63,,2681.667,,2221.006,,1195.569,,94057.78,,133912.2,,182504.0,,1605076,,2270759,,3268168,,4446407,,0.0846133150041826,0.0800839588791835
167.0,59814.4668645,,1.196,,5,,6,,7,,21,,25,,30,,35,,29.968,,29.775,,29.647,,29.029,,28.864,,28.594,,28.327,,0.048,,0.048,,0.05,,0.101,,0.111,,0.114,,0.113,,2937.054,,3507.005,,3946.625,,6973.492,,8122.148,,10413.1,,13315.63,,93913.28,,134335.6,,181802.7,,1606296,,2274777,,3274085,,4455225,,0.0836979189721209,0.0804374388175396
168.0,59814.4708268,,1.202,,5,,6,,7,,21,,25,,30,,35,,28.123,,28.102,,28.075,,27.738,,27.722,,27.741,,27.808,,0.011,,0.013,,0.014,,0.034,,0.043,,0.057,,0.078,,16031.02,,16346.7,,16758.97,,22870.99,,23196.02,,22789.34,,21441.09,,109089.7,,150086.7,,199170.3,,1659721,,2342460,,3362384,,4566927,,0.0199611160597962,0.0149047085761096
169.0,59814.4748019,,1.209,,5,,6,,7,,21,,25,,30,,35,,30.023,,29.954,,29.921,,28.984,,28.96,,28.988,,28.839,,0.077,,0.087,,0.098,,0.151,,0.189,,0.255,,0.284,,2779.702,,2962.895,,3053.897,,7237.817,,7397.006,,7211.685,,8272.5,,97512.52,,139215.6,,188345.2,,1673504,,2368355,,3406687,,4635196,,0.1104026019259178,0.0867277622967086
170.0,59814.4787606,,1.216,,5,,6,,7,,21,,25,,30,,35,,29.789,,29.654,,29.593,,29.63,,29.403,,29.397,,29.049,,0.055,,0.058,,0.064,,0.237,,0.247,,0.323,,0.299,,3440.681,,3895.719,,4121.195,,3985.751,,4912.63,,4938.564,,6802.114,,99395.34,,141940.0,,191733.4,,1691055,,2396110,,3448014,,4692688,,0.0823215302315843,0.0705171460508169
171.0,59814.4827247,,1.225,,5,,6,,7,,21,,25,,30,,35,,29.811,,29.758,,29.779,,29.289,,29.278,,28.927,,28.699,,0.059,,0.068,,0.081,,0.186,,0.236,,0.225,,0.233,,3376.226,,3543.641,,3475.208,,5459.254,,5512.239,,7617.637,,9396.348,,100782.8,,143588.2,,194034.0,,1718029,,2432922,,3502629,,4766072,,0.0983875228961247,0.0724050500365661
172.0,59814.4867015,,1.234,,5,,6,,7,,21,,25,,30,,35,,29.772,,29.668,,29.633,,29.971,,30,,29.78,,29.455,,0.055,,0.059,,0.067,,0.331,,0.435,,0.468,,0.443,,3525.275,,3879.285,,4004.925,,2934.855,,2857.418,,3498.27,,4720.816,,103051.5,,146994.5,,198650.2,,1753125,,2482933,,3574516,,4865045,,0.0862846939760698,0.0700941710946741
173.0,59814.4906639,,1.244,,5,,6,,7,,21,,25,,30,,35,,29.756,,29.67,,29.622,,30.429,,30.324,,30.215,,31.498,,0.05,,0.055,,0.062,,0.466,,0.541,,0.645,,2.685,,3565.431,,3857.079,,4032.626,,1917.165,,2113.019,,2335.068,,716.4521,,105570.7,,150503.8,,203801.1,,1796014,,2544542,,3663213,,4983255,,0.0868123846375939,0.0701625451857458
174.0,59814.494626,,1.256,,5,,6,,7,,21,,25,,30,,35,,30.012,,30.003,,29.98,,30.732,,INDEF,,INDEF,,INDEF,,0.068,,0.081,,0.093,,0.671,,INDEF,,INDEF,,INDEF,,2823.159,,2847.08,,2908.018,,1453.952,,-268.6218,,-975.4492,,-773.7428,,105968.5,,151171.8,,204647.6,,1815521,,2570069,,3699996,,5036490,,0.1209775081605964,0.0891036935245587
175.0,59814.4986023,,1.269,,5,,6,,7,,21,,25,,30,,35,,29.884,,29.85,,29.758,,29.352,,29.53,,29.557,,29.398,,0.05,,0.057,,0.061,,0.151,,0.228,,0.307,,0.339,,3172.567,,3274.944,,3562.697,,5178.575,,4397.74,,4289.94,,4965.915,,106823.9,,151956.3,,206569.5,,1827388,,2585586,,3721081,,5064161,,0.0990564254033344,0.0794845655764858
176.0,59814.5025662,,1.282,,5,,6,,7,,21,,25,,30,,35,,29.921,,29.772,,29.691,,31.546,,31.128,,INDEF,,INDEF,,0.063,,0.066,,0.071,,1.42,,1.238,,INDEF,,INDEF,,3065.262,,3514.607,,3786.717,,686.0359,,1007.979,,-1012.573,,-2898.938,,108284.6,,154980.4,,209697.1,,1851749,,2624287,,3776186,,5138115,,0.0938604250299233,0.0828870019957893
178.0,59814.5065289,,1.297,,5,,6,,7,,21,,25,,30,,35,,29.906,,29.682,,29.553,,30.291,,30.776,,INDEF,,32.491,,0.074,,0.072,,0.075,,0.537,,1.075,,INDEF,,8.769,,3137.801,,3856.102,,4344.899,,2202.155,,1408.703,,-535.1364,,290.3339,,110048.3,,157317.0,,213609.4,,1880985,,2663543,,3832761,,5217649,,0.0824658819622132,0.0816189145623911
179.0,59814.510505,,1.314,,5,,6,,7,,21,,25,,30,,35,,30.434,,30.206,,30.002,,31.154,,INDEF,,INDEF,,INDEF,,0.108,,0.106,,0.103,,1.081,,INDEF,,INDEF,,INDEF,,1924.289,,2373.638,,2865.761,,991.3094,,-205.143,,-1684.862,,-3069.647,,109384.2,,156874.3,,213013.1,,1890458,,2677309,,3853646,,5244163,,0.1252934091798098,0.1334317224723563
180.0,59814.5144649,,1.331,,5,,6,,7,,21,,25,,30,,35,,29.908,,29.703,,29.637,,29.713,,29.766,,28.926,,27.994,,0.056,,0.055,,0.061,,0.234,,0.314,,0.191,,0.104,,3132.893,,3785.447,,4019.741,,3748.925,,3571.979,,7738.609,,18255.5,,111491.1,,159602.8,,216020.7,,1908877,,2703209,,3895151,,5309530,,0.0897174799706869,0.0822984369117559
181.0,59815.344432,,1.444,,5,,6,,7,,21,,25,,30,,35,,29.666,,29.553,,29.517,,29.314,,28.989,,28.591,,28.348,,0.071,,0.077,,0.087,,0.263,,0.249,,0.228,,0.233,,3774.195,,4186.215,,4326.52,,5217.45,,7041.736,,10154.26,,12700.67,,92149.08,,131670.7,,177130.8,,1560265,,2211666,,3184628,,4333192,,0.0750184098679742,0.0615788369701278
182.0,59815.3483942,,1.419,,5,,6,,7,,21,,25,,30,,35,,29.662,,29.639,,29.682,,29.409,,29.226,,29.079,,29.105,,0.055,,0.065,,0.079,,0.222,,0.24,,0.276,,0.361,,3761.154,,3844.351,,3694.14,,4749.99,,5621.464,,6435.906,,6284.85,,91615.07,,130755.1,,175444.4,,1551912,,2199351,,3165064,,4305109,,0.088590019117484,0.0619813378343744
183.0,59815.3523562,,1.395,,5,,6,,7,,21,,25,,30,,35,,29.853,,29.82,,29.803,,30.534,,32.436,,32.415,,INDEF,,0.064,,0.074,,0.085,,0.607,,4.48,,5.785,,INDEF,,3175.929,,3275.545,,3324.624,,1697.171,,294.3705,,300.0838,,-1742.255,,90997.12,,130046.6,,174995.8,,1548345,,2193199,,3157537,,4295144,,0.0948736421872226,0.0719637313595092
184.0,59815.3563317,,1.372,,5,,6,,7,,21,,25,,30,,35,,29.863,,29.811,,29.839,,29.999,,29.986,,29.688,,29.451,,0.053,,0.061,,0.073,,0.303,,0.383,,0.384,,0.394,,3151.736,,3308.101,,3223.624,,2781.954,,2815.58,,3704.105,,4609.102,,90359.62,,128518.9,,173894.4,,1535356,,2174574,,3130825,,4260778,,0.0955922154320217,0.0715024565098377
185.0,59815.3602915,,1.352,,5,,6,,7,,21,,25,,30,,35,,29.863,,29.835,,29.852,,30.25,,30.179,,30.036,,30.588,,0.063,,0.074,,0.087,,0.457,,0.549,,0.633,,1.345,,3173.935,,3257.615,,3205.027,,2222.88,,2372.79,,2706.012,,1627.491,,90440.12,,128734.7,,174252.5,,1537548,,2177885,,3135292,,4265283,,0.0943333302774278,0.0702909895629913
186.0,59815.3642562,,1.333,,5,,6,,7,,21,,25,,30,,35,,29.793,,29.782,,29.765,,29.931,,30.059,,29.648,,29.705,,0.05,,0.059,,0.068,,0.286,,0.412,,0.371,,0.5,,3375.244,,3409.256,,3463.404,,2972.012,,2641.083,,3856.162,,3661.724,,91163.04,,129656.2,,175242.2,,1546404,,2189827,,3153385,,4290589,,0.0937618364784511,0.068768763792077
187.0,59815.3682183,,1.315,,5,,6,,7,,21,,25,,30,,35,,29.849,,29.732,,29.695,,28.963,,28.87,,28.903,,28.881,,0.047,,0.051,,0.057,,0.105,,0.123,,0.167,,0.209,,3206.507,,3570.859,,3693.946,,7249.321,,7900.89,,7661.169,,7818.07,,92214.15,,131830.8,,177723.6,,1572099,,2226254,,3202142,,4355780,,0.0889700161294727,0.0731272779231362
188.0,59815.3721809,,1.299,,5,,6,,7,,21,,25,,30,,35,,30.01,,29.991,,29.989,,29.228,,29.148,,29.007,,28.902,,0.058,,0.068,,0.079,,0.142,,0.169,,0.195,,0.226,,2764.364,,2812.971,,2818.241,,5678.741,,6113.372,,6963.16,,7667.714,,91520.42,,130112.1,,176671.6,,1566005,,2216310,,3189565,,4339734,,0.1095491108542279,0.0819294085859996
189.0,59815.3761434,,1.284,,5,,6,,7,,21,,25,,30,,35,,29.968,,29.808,,29.705,,29.171,,28.998,,28.972,,28.866,,0.071,,0.073,,0.078,,0.173,,0.189,,0.242,,0.28,,2885.247,,3345.71,,3678.546,,6014.548,,7048.904,,7219.803,,7962.145,,93111.99,,132826.9,,180385.5,,1592283,,2254105,,3242936,,4412400,,0.0861861551459219,0.0795377162931425
190.0,59815.3801064,,1.27,,5,,6,,7,,21,,25,,30,,35,,29.885,,29.768,,29.655,,29.582,,29.478,,29.462,,29.397,,0.057,,0.062,,0.065,,0.218,,0.254,,0.33,,0.396,,3099.226,,3452.034,,3828.198,,4097.556,,4508.554,,4572.441,,4857.003,,94876.41,,135092.2,,183501.7,,1615389,,2286857,,3291406,,4479217,,0.0849334841161453,0.0755504636657743
191.0,59815.3840651,,1.258,,5,,6,,7,,21,,25,,30,,35,,29.756,,29.708,,29.638,,29.114,,29.393,,29.584,,29.944,,0.046,,0.052,,0.057,,0.126,,0.208,,0.326,,0.58,,3485.445,,3642.188,,3887.219,,6295.516,,4871.524,,4086.23,,2931.432,,94880.65,,135499.8,,182544.8,,1615052,,2285785,,3287952,,4471770,,0.0780000563015307,0.0645268076657885
192.0,59815.388029,,1.246,,5,,6,,7,,21,,25,,30,,35,,29.728,,29.621,,29.57,,29.29,,29.08,,28.834,,28.666,,0.04,,0.043,,0.048,,0.132,,0.139,,0.146,,0.159,,3581.787,,3953.004,,4142.354,,5358.314,,6502.893,,8156.07,,9520.599,,95302.8,,135627.4,,183675.4,,1617266,,2290604,,3297066,,4485915,,0.078513922747364,0.0654317090037518
193.0,59815.3920056,,1.235,,5,,6,,7,,21,,25,,30,,35,,29.848,,29.749,,29.674,,29.095,,28.872,,28.311,,28.09,,0.045,,0.049,,0.054,,0.113,,0.117,,0.092,,0.096,,3206.188,,3510.963,,3763.35,,6414.207,,7874.907,,13199.72,,16183.45,,94312.76,,134666.2,,181916.8,,1607499,,2277391,,3281393,,4464579,,0.0868384444453961,0.073223902739436
194.0,59815.3959656,,1.226,,5,,6,,7,,21,,25,,30,,35,,29.788,,29.678,,29.614,,29.028,,29.175,,29.065,,28.876,,0.051,,0.055,,0.06,,0.126,,0.185,,0.22,,0.236,,3397.197,,3758.69,,3986.723,,6838.353,,5975.865,,6612.822,,7870.035,,96202.69,,137615.1,,185397.1,,1640115,,2321704,,3340596,,4544859,,0.0831285924945197,0.0699574727650047
195.0,59815.3999293,,1.217,,5,,6,,7,,21,,25,,30,,35,,29.921,,29.808,,29.726,,29.067,,28.913,,28.644,,28.453,,0.069,,0.074,,0.081,,0.159,,0.177,,0.182,,0.195,,2989.174,,3317.76,,3576.764,,6565.88,,7565.61,,9687.529,,11550.57,,97208.13,,138778.4,,188034.4,,1663234,,2354897,,3390072,,4612838,,0.0933838591278349,0.0800792225712498
196.0,59815.4038927,,1.209,,5,,6,,7,,21,,25,,30,,35,,29.808,,29.689,,29.595,,28.956,,28.991,,28.726,,28.333,,0.047,,0.05,,0.054,,0.107,,0.141,,0.145,,0.129,,3314.054,,3696.061,,4032.285,,7265.286,,7032.31,,8979.784,,12889.18,,96792.65,,138360.6,,187058.1,,1652630,,2339098,,3366830,,4582680,,0.0855578691317056,0.0735820500612431
197.0,59815.4078542,,1.203,,5,,6,,7,,21,,25,,30,,35,,29.908,,29.809,,29.715,,28.981,,28.729,,28.45,,28.193,,0.053,,0.058,,0.062,,0.113,,0.115,,0.117,,0.118,,3022.866,,3309.841,,3611.461,,7098.262,,8954.74,,11575.85,,14668.47,,95885.45,,136619.4,,185511.5,,1638714,,2320266,,3339955,,4545357,,0.098052730555278,0.0818035441127464
198.0,59815.4118172,,1.197,,5,,6,,7,,21,,25,,30,,35,,30.119,,30.094,,30.095,,29.412,,29.174,,28.887,,28.553,,0.061,,0.071,,0.083,,0.161,,0.165,,0.167,,0.157,,2489.681,,2548.661,,2546.855,,4774.542,,5946.891,,7747.216,,10534.87,,95823.89,,136572.5,,185346.2,,1645783,,2330764,,3355579,,4567549,,0.1295552850015589,0.095365014098397
199.0,59815.4157903,,1.192,,5,,6,,7,,21,,25,,30,,35,,29.738,,29.653,,29.565,,29.034,,28.914,,28.653,,28.291,,0.054,,0.06,,0.065,,0.144,,0.165,,0.171,,0.156,,3518.106,,3804.803,,4126.129,,6730.849,,7515.478,,9561.269,,13338.43,,97038.54,,138270.5,,187192.0,,1651377,,2338406,,3365708,,4581039,,0.0829616251352785,0.0689582975445236
200.0,59815.4197498,,1.188,,5,,6,,7,,21,,25,,30,,35,,29.928,,29.82,,29.769,,29.593,,29.321,,29.121,,28.392,,0.079,,0.086,,0.096,,0.296,,0.296,,0.323,,0.211,,2972.51,,3282.767,,3439.948,,4046.952,,5198.57,,6252.067,,12236.07,,97458.38,,139592.1,,188171.7,,1667284,,2363312,,3401330,,4632474,,0.0947938744777897,0.0794632325431883
201.0,59815.423711,,1.184,,5,,6,,7,,21,,25,,30,,35,,30.067,,29.965,,29.896,,29.308,,29.058,,28.791,,28.375,,0.086,,0.095,,0.104,,0.221,,0.224,,0.231,,0.201,,2591.355,,2846.801,,3032.56,,5211.694,,6562.803,,8393.169,,12311.18,,96169.29,,137464.2,,186075.5,,1651353,,2338971,,3366755,,4583310,,0.1141813838122744,0.0942900054152868
202.0,59815.4276726,,1.182,,5,,6,,7,,21,,25,,30,,35,,29.783,,29.576,,29.464,,29.063,,29.024,,28.9,,28.531,,0.051,,0.05,,0.053,,0.131,,0.161,,0.189,,0.172,,3395.727,,4110.479,,4558.775,,6594.192,,6836.781,,7661.369,,10759.28,,96253.02,,137617.1,,186331.3,,1639075,,2319970,,3338761,,4545060,,0.0697294876330034,0.0679212459238672
203.0,59815.4316355,,1.18,,5,,6,,7,,21,,25,,30,,35,,29.908,,29.837,,29.752,,29.032,,28.882,,28.509,,28.289,,0.057,,0.064,,0.069,,0.128,,0.142,,0.133,,0.139,,3018.598,,3224.349,,3484.483,,6766.082,,7765.774,,10948.89,,13407.46,,94977.34,,135513.2,,183461.5,,1623359,,2298688,,3310041,,4503978,,0.0958884836069243,0.0789432547618287
204.0,59815.4355967,,1.179,,5,,6,,7,,21,,25,,30,,35,,29.927,,29.911,,29.891,,29.903,,29.496,,29.095,,28.729,,0.083,,0.098,,0.112,,0.414,,0.365,,0.332,,0.303,,2983.956,,3028.517,,3082.75,,3051.396,,4437.566,,6421.99,,8989.964,,97303.99,,138797.0,,187634.2,,1661967,,2355535,,3391740,,4616612,,0.1042355375706966,0.0786424890058589
205.0,59815.4397788,,1.179,,5,,6,,7,,21,,25,,30,,35,,30.003,,30.02,,30.124,,30.196,,29.774,,29.976,,29.485,,0.087,,0.106,,0.136,,0.532,,0.462,,0.732,,0.595,,2770.563,,2727.715,,2479.839,,2320.93,,3422.687,,2842.576,,4466.712,,98255.21,,140173.3,,189360.5,,1682456,,2384227,,3430858,,4670324,,0.1322416728756291,0.0860685877361197
206.0,59815.4437421,,1.18,,5,,6,,7,,21,,25,,30,,35,,30.259,,30.199,,30.254,,32.328,,32.126,,31.705,,29.983,,0.109,,0.124,,0.153,,3.767,,4.006,,3.578,,0.936,,2203.079,,2329.331,,2214.354,,327.8076,,394.7086,,581.5753,,2841.566,,99636.3,,142082.8,,193074.8,,1713240,,2426738,,3494453,,4758619,,0.1527059521244849,0.1102958688093826
207.0,59815.447718,,1.181,,5,,6,,7,,21,,25,,30,,35,,30.195,,30.099,,30.042,,29.83,,30.313,,30.53,,30.173,,0.08,,0.088,,0.098,,0.291,,0.58,,0.933,,0.858,,2317.111,,2531.73,,2669.658,,3244.45,,2079.481,,1702.432,,2365.571,,101121.6,,143992.8,,196406.0,,1739993,,2461896,,3543818,,4823428,,0.1267489315017701,0.1050848411639356
208.0,59815.4516826,,1.184,,5,,6,,7,,21,,25,,30,,35,,29.952,,29.894,,29.889,,30.282,,30.399,,31.07,,30.184,,0.064,,0.073,,0.085,,0.443,,0.632,,1.542,,0.871,,2912.448,,3072.095,,3086.837,,2149.106,,1929.241,,1039.961,,2352.642,,103544.1,,147496.7,,200159.5,,1771342,,2508156,,3609937,,4914754,,0.1087828994704146,0.0836949563751939
209.0,59815.455645,,1.187,,5,,6,,7,,21,,25,,30,,35,,29.885,,29.775,,29.728,,31.608,,INDEF,,INDEF,,INDEF,,0.077,,0.083,,0.093,,1.916,,INDEF,,INDEF,,INDEF,,3114.201,,3448.504,,3599.005,,637.4891,,-861.3734,,-2285.479,,-1854.298,,104846.8,,149488.5,,202835.4,,1789485,,2533181,,3646636,,4964861,,0.0963672443728454,0.0798400500208358
210.0,59815.4596071,,1.191,,5,,6,,7,,21,,25,,30,,35,,29.83,,29.753,,29.732,,32.96,,INDEF,,28.648,,28.832,,0.083,,0.093,,0.107,,7.611,,INDEF,,0.242,,0.366,,3263.227,,3501.114,,3570.972,,182.569,,-776.2571,,9692.82,,8181.32,,105553.0,,150723.0,,203718.6,,1799057,,2548666,,3680636,,5004662,,0.0934765858375503,0.0746742646770638
211.0,59815.4635819,,1.196,,5,,6,,7,,21,,25,,30,,35,,29.624,,29.534,,29.503,,30.226,,30.167,,30.546,,30.634,,0.051,,0.056,,0.063,,0.444,,0.539,,1.005,,1.393,,3928.902,,4268.774,,4394.351,,2256.917,,2382.024,,1680.961,,1549.711,,104938.3,,150106.8,,201870.6,,1780886,,2524147,,3632587,,4942966,,0.0792583086747534,0.0633833043217181
212.0,59815.4675459,,1.201,,5,,6,,7,,21,,25,,30,,35,,29.878,,29.785,,29.732,,30.505,,33.798,,INDEF,,INDEF,,0.055,,0.061,,0.067,,0.494,,13.12,,INDEF,,INDEF,,3117.256,,3396.292,,3566.459,,1751.031,,84.31939,,-1702.929,,-1908.182,,101980.3,,145632.5,,197027.7,,1739687,,2462855,,3544799,,4825366,,0.0983244123681608,0.0798293389841767
213.0,59815.4715083,,1.208,,5,,6,,7,,21,,25,,30,,35,,29.905,,29.741,,29.625,,30.022,,30.14,,31.417,,32.138,,0.055,,0.057,,0.06,,0.309,,0.441,,1.882,,4.672,,3073.105,,3574.314,,3975.337,,2757.546,,2475.469,,763.3302,,392.8708,,101943.8,,145861.5,,197398.6,,1740535,,2465527,,3547725,,4828208,,0.0839693927448595,0.0784750669657751
214.0,59815.4754682,,1.215,,5,,6,,7,,21,,25,,30,,35,,29.676,,29.552,,29.464,,30.244,,30.528,,30.123,,28.269,,0.052,,0.055,,0.06,,0.441,,0.733,,0.665,,0.154,,3771.113,,4226.808,,4581.15,,2234.739,,1720.472,,2498.193,,13772.53,,103527.0,,148085.8,,199622.7,,1756613,,2488732,,3583685,,4888171,,0.0735716040038289,0.0645372441976357
215.0,59815.4794278,,1.224,,5,,6,,7,,21,,25,,30,,35,,29.843,,29.745,,29.712,,29.714,,29.67,,30.611,,33.367,,0.064,,0.07,,0.079,,0.287,,0.353,,1.105,,17.883,,3211.783,,3515.092,,3625.157,,3615.548,,3764.732,,1583.185,,125.0064,,103094.4,,147488.3,,198951.8,,1759962,,2493509,,3586871,,4880058,,0.0930308983793712,0.0759073571846183
216.0,59815.4833908,,1.233,,5,,6,,7,,21,,25,,30,,35,,29.821,,29.726,,29.715,,30.6,,31.336,,INDEF,,INDEF,,0.05,,0.055,,0.063,,0.512,,1.292,,INDEF,,INDEF,,3329.592,,3633.484,,3669.66,,1624.907,,824.5463,,-40.35634,,-786.8916,,105916.2,,150663.9,,204675.6,,1805118,,2555230,,3678112,,5005568,,0.0953666074481391,0.0751998279774328
217.0,59815.4873676,,1.243,,5,,6,,7,,21,,25,,30,,35,,29.999,,29.811,,29.685,,29.829,,29.681,,29.626,,29.944,,0.056,,0.056,,0.059,,0.241,,0.269,,0.336,,0.575,,2841.017,,3379.718,,3793.398,,3323.565,,3808.402,,4004.533,,2988.69,,109197.3,,156088.0,,212095.3,,1873261,,2652923,,3818838,,5195659,,0.0949861343261982,0.0903989125778305
218.0,59815.4913301,,1.255,,5,,6,,7,,21,,25,,30,,35,,29.826,,29.704,,29.631,,29.841,,29.507,,29.494,,29.441,,0.049,,0.053,,0.057,,0.249,,0.235,,0.305,,0.371,,3304.027,,3698.195,,3956.056,,3260.29,,4431.906,,4485.201,,4710.037,,113072.7,,161769.9,,218592.3,,1932412,,2738877,,3942268,,5364452,,0.0921743312179825,0.0787776460319308
219.0,59815.4952929,,1.267,,5,,6,,7,,21,,25,,30,,35,,29.828,,29.64,,29.541,,30.015,,30.716,,INDEF,,INDEF,,0.052,,0.053,,0.056,,0.312,,0.762,,INDEF,,INDEF,,3281.198,,3901.224,,4273.508,,2761.323,,1447.24,,-696.3664,,-1298.241,,115020.1,,163958.5,,223304.6,,1967101,,2783591,,4005461,,5451408,,0.088623092631599,0.0815430512731376
220.0,59815.4992686,,1.281,,5,,6,,7,,21,,25,,30,,35,,29.767,,29.666,,29.614,,29.57,,29.715,,29.943,,30.67,,0.056,,0.061,,0.068,,0.236,,0.345,,0.56,,1.397,,3464.231,,3800.72,,3987.601,,4151.047,,3634.027,,2944.98,,1508.074,,114868.4,,164144.6,,222002.3,,1963629,,2780549,,4001414,,5443844,,0.0913913921153364,0.0753082189200486
221.0,59815.5032313,,1.296,,5,,6,,7,,21,,25,,30,,35,,29.859,,29.71,,29.573,,INDEF,,INDEF,,INDEF,,INDEF,,0.07,,0.073,,0.076,,INDEF,,INDEF,,INDEF,,INDEF,,3197.764,,3665.713,,4161.328,,-509.867,,-1807.358,,-2927.868,,-5743.069,,116789.1,,166812.4,,226700.3,,1996014,,2826544,,4069933,,5538250,,0.0887980071581834,0.082556173077589
222.0,59815.5071954,,1.311,,5,,6,,7,,21,,25,,30,,35,,30.093,,29.929,,29.874,,29.654,,29.938,,33.305,,INDEF,,0.092,,0.096,,0.107,,0.318,,0.528,,15.457,,INDEF,,2583.779,,3004.495,,3161.256,,3872.441,,2981.977,,134.0915,,-1775.787,,117868.6,,169246.6,,228555.2,,2031228,,2876916,,4138474,,5630983,,0.1142050366256138,0.1010250159189602
223.0,59815.5111612,,1.329,,5,,6,,7,,21,,25,,30,,35,,29.819,,29.767,,29.726,,29.492,,29.283,,29.301,,29.528,,0.054,,0.061,,0.069,,0.2,,0.211,,0.282,,0.444,,3296.172,,3456.209,,3591.833,,4453.563,,5400.967,,5308.542,,4309.037,,121637.3,,173414.2,,235249.5,,2084813,,2952763,,4249438,,5780927,,0.102430714675296,0.0806315405130576
224.0,59815.5151228,,1.348,,5,,6,,7,,21,,25,,30,,35,,30.026,,29.918,,29.854,,29.638,,29.508,,29.87,,29.477,,0.065,,0.071,,0.078,,0.232,,0.264,,0.484,,0.431,,2717.715,,3003.386,,3186.255,,3887.859,,4380.626,,3139.614,,4509.067,,119072.9,,170081.1,,231235.2,,2049335,,2902325,,4176044,,5684497,,0.1194367899689569,0.0993312094017465
,59815.5190809,,1.368,,5,,6,,7,,21,,25,,30,,35,,29.788,,29.712,,29.698,,29.294,,29.158,,29.136,,28.986,,0.059,,0.066,,0.076,,0.19,,0.214,,0.276,,0.308,,3372.344,,3615.416,,3663.176,,5315.538,,6026.624,,6149.761,,7056.008,,120646.8,,172341.5,,233328.8,,2068623,,2930177,,4216530,,5737357,,0.105541360896949,0.0808516582801819
,59815.5230543,,1.389,,5,,6,,7,,21,,25,,30,,35,,29.65,,29.56,,29.546,,30.634,,30.951,,INDEF,,INDEF,,0.046,,0.051,,0.058,,0.569,,0.975,,INDEF,,INDEF,,3770.948,,4095.832,,4147.718,,1522.989,,1137.901,,-699.9035,,-1723.177,,120006.9,,171400.8,,231575.4,,2046057,,2898707,,4171435,,5676743,,0.0906255983879089,0.0710674139623142
,59815.5270184,,1.413,,5,,6,,7,,21,,25,,30,,35,,29.711,,29.759,,29.849,,29.864,,30.182,,30.62,,30.244,,0.05,,0.063,,0.079,,0.291,,0.499,,0.983,,0.888,,3552.457,,3401.65,,3130.412,,3088.231,,2304.055,,1538.794,,2174.905,,119639.9,,170413.1,,230101.1,,2044093,,2895110,,4166904,,5671097,,0.1192418870175116,0.0751334317226853
,59815.5314811,,1.441,,5,,6,,7,,21,,25,,30,,35,,29.697,,29.659,,29.636,,29.627,,29.54,,29.271,,29.316,,0.051,,0.059,,0.068,,0.243,,0.287,,0.294,,0.392,,3556.145,,3683.348,,3763.658,,3794.19,,4112.033,,5268.389,,5052.042,,119632.7,,170584.6,,230694.1,,2044394,,2896047,,4169276,,5672396,,0.0981472216780526,0.0746301675023522
