FRAME,MJDATE,Unnamed:,XAIRMASS,Unnamed:.1,APER5,Unnamed:.2,APER6,Unnamed:.3,APER7,Unnamed:.4,APER21,Unnamed:.5,APER25,Unnamed:.6,APER30,Unnamed:.7,APER35,Unnamed:.8,MAG5,Unnamed:.9,MAG6,Unnamed:.10,MAG7,Unnamed:.11,MAG21,Unnamed:.12,MAG25,Unnamed:.13,MAG30,Unnamed:.14,MAG35,Unnamed:.15,MERR5,Unnamed:.16,MERR6,Unnamed:.17,MERR7,Unnamed:.18,MERR21,Unnamed:.19,MERR25,Unnamed:.20,MERR30,Unnamed:.21,MERR35,Unnamed:.22,FLUX5,Unnamed:.23,FLUX6,Unnamed:.24,FLUX7,Unnamed:.25,FLUX21,Unnamed:.26,FLUX25,Unnamed:.27,FLUX30,Unnamed:.28,FLUX35,Unnamed:.29,SUM5,Unnamed:.30,SUM6,Unnamed:.31,SUM7,Unnamed:.32,SUM21,Unnamed:.33,SUM25,Unnamed:.34,SUM30,Unnamed:.35,SUM35,Unnamed:.36,SEEING,MAGUNCERT7,MAGUNCERT5
1,59811.38429,,1.295,,5,,6,,7,,21,,25,,30,,35,,30.302,,30.172,,30.029,,29.917,,29.775,,29.851,,29.45,,0.123,,0.131,,0.135,,0.446,,0.501,,0.708,,0.625,,2107.225,,2373.523,,2707.448,,3001.6,,3423.505,,3192.053,,4616.044,,85373.14,,122224.7,,165661.7,,1467809,,2079211,,2992124,,4072833,,6.4556,0.1162215925879772,0.1069174135333561
2,59811.38826,,1.28,,5,,6,,7,,21,,25,,30,,35,,29.841,,29.734,,29.662,,29.06,,28.751,,28.577,,28.366,,0.081,,0.088,,0.097,,0.203,,0.195,,0.219,,0.231,,3205.43,,3538.718,,3781.191,,6578.844,,8748.42,,10269.86,,12470.65,,85768.63,,122198.8,,165466.2,,1458416,,2065754,,2972342,,4044290,,5.7093,0.0853319696811019,0.0712451724242396
3,59811.39248,,1.266,,5,,6,,7,,21,,25,,30,,35,,30.025,,29.891,,29.788,,28.852,,28.767,,28.545,,28.45,,0.077,,0.082,,0.088,,0.135,,0.16,,0.171,,0.2,,2726.928,,3084.733,,3392.343,,8028.138,,8683.429,,10650.64,,11628.51,,85761.35,,122100.3,,166067.0,,1467668,,2076115,,2987629,,4063663,,9.0292,0.0938789715519131,0.0831946129739905
4,59811.39644,,1.253,,5,,6,,7,,21,,25,,30,,35,,30.088,,30.042,,30.082,,29.719,,29.661,,29.294,,29.175,,0.07,,0.08,,0.097,,0.253,,0.307,,0.288,,0.33,,2588.431,,2700.03,,2602.859,,3637.028,,3836.764,,5378.235,,6000.446,,85683.51,,122438.6,,165128.8,,1464971,,2075418,,2988393,,4066022,,4.0204,0.1177219375454708,0.0858704443717228
5,59811.40118,,1.24,,5,,6,,7,,21,,25,,30,,35,,29.75,,29.63,,29.508,,28.796,,28.438,,28.125,,27.865,,0.069,,0.074,,0.078,,0.147,,0.135,,0.133,,0.134,,3544.835,,3959.922,,4427.419,,8535.107,,11866.45,,15834.39,,20120.64,,85924.42,,122240.5,,165738.2,,1456588,,2063354,,2969933,,4040991,,11.9001,0.0751764983199746,0.0657361578503189
6,59811.40538,,1.229,,5,,6,,7,,21,,25,,30,,35,,29.839,,29.734,,29.667,,29.145,,28.942,,28.767,,28.584,,0.062,,0.068,,0.075,,0.168,,0.179,,0.2,,0.216,,3261.885,,3592.494,,3820.766,,6182.655,,7451.652,,8753.486,,10366.12,,86140.79,,123102.3,,165876.0,,1463892,,2074054,,2984607,,4060691,,4.6701,0.0832990301521616,0.069518718736499
7,59811.40934,,1.22,,5,,6,,7,,21,,25,,30,,35,,29.948,,29.937,,29.957,,28.688,,28.644,,28.574,,28.359,,0.065,,0.077,,0.091,,0.103,,0.127,,0.157,,0.164,,2934.755,,2965.715,,2909.671,,9365.684,,9751.566,,10400.3,,12682.15,,85295.23,,121490.0,,164052.3,,1457157,,2061819,,2965450,,4034870,,9.2273,0.1039041394738446,0.0750590781381702
8,59811.41331,,1.212,,5,,6,,7,,21,,25,,30,,35,,30.001,,29.923,,29.873,,29.649,,29.893,,30.08,,29.971,,0.068,,0.075,,0.084,,0.249,,0.399,,0.624,,0.721,,2785.993,,2993.757,,3134.592,,3854.65,,3077.229,,2592.29,,2865.633,,85643.75,,121905.1,,165428.9,,1459374,,2064885,,2971722,,4044665,,5.0516,0.0987279180236936,0.0800188076688744
9,59811.41727,,1.205,,5,,6,,7,,21,,25,,30,,35,,30.002,,29.963,,29.918,,30.523,,30.508,,29.183,,28.483,,0.076,,0.088,,0.099,,0.629,,0.795,,0.309,,0.207,,2785.126,,2887.563,,3009.461,,1723.552,,1747.952,,5917.814,,11283.91,,86714.25,,123945.4,,167098.1,,1478971,,2096163,,3021356,,4114875,,4.7711,0.0975235522254537,0.077955856761545
10,59811.42123,,1.199,,5,,6,,7,,21,,25,,30,,35,,29.825,,29.749,,29.662,,29.171,,28.963,,28.628,,28.331,,0.074,,0.083,,0.09,,0.208,,0.22,,0.213,,0.207,,3273.964,,3513.04,,3804.658,,5982.459,,7244.528,,9860.808,,12965.25,,87770.15,,124562.0,,169016.7,,1487432,,2105446,,3031856,,4126929,,5.1233,0.0836545375348493,0.0695309096251687
11,59811.42519,,1.194,,5,,6,,7,,21,,25,,30,,35,,29.901,,29.762,,29.617,,28.763,,28.505,,28.166,,27.92,,0.07,,0.074,,0.076,,0.126,,0.128,,0.123,,0.125,,3054.445,,3468.901,,3964.068,,8710.062,,11043.38,,15093.47,,18937.79,,88392.85,,126108.6,,171079.0,,1509296,,2136967,,3076549,,4186264,,5.896,0.0824842083373081,0.0759609523808293
12,59811.42915,,1.189,,5,,6,,7,,21,,25,,30,,35,,30.103,,30.0,,29.886,,29.627,,29.376,,29.124,,28.928,,0.068,,0.074,,0.078,,0.222,,0.226,,0.235,,0.251,,2536.913,,2790.31,,3098.604,,3932.928,,4954.022,,6248.934,,7485.687,,89810.89,,128206.8,,174000.3,,1538516,,2179047,,3137062,,4269220,,7.753,0.1024966981182302,0.0901060652406299
13,59811.43311,,1.185,,5,,6,,7,,21,,25,,30,,35,,30.035,,29.92,,29.829,,29.555,,29.476,,29.186,,29.28,,0.071,,0.076,,0.082,,0.232,,0.276,,0.278,,0.388,,2716.831,,3020.126,,3281.93,,4226.369,,4544.724,,5937.266,,5442.511,,91953.49,,130909.8,,178143.7,,1573077,,2226595,,3205514,,4360367,,5.3891,0.0961379472568614,0.0841358322094117
14,59811.43707,,1.183,,5,,6,,7,,21,,25,,30,,35,,29.968,,29.87,,29.821,,29.347,,29.341,,29.181,,29.007,,0.066,,0.072,,0.081,,0.19,,0.242,,0.274,,0.299,,2889.458,,3161.067,,3306.257,,5120.453,,5144.36,,5962.276,,7002.24,,93508.02,,133323.7,,180767.3,,1598411,,2262341,,3256407,,4431575,,8.817,0.0985058066373251,0.0809768761766464
15,59811.44103,,1.18,,5,,6,,7,,21,,25,,30,,35,,30.023,,29.896,,29.838,,29.379,,29.295,,28.948,,28.612,,0.076,,0.081,,0.09,,0.214,,0.254,,0.243,,0.228,,2756.307,,3099.187,,3267.944,,4989.781,,5387.417,,7421.155,,10111.6,,95401.12,,136496.3,,184397.7,,1634270,,2314827,,3332785,,4535792,,38.7005,0.1040797000112857,0.0875586197153651
16,59811.44499,,1.179,,5,,6,,7,,21,,25,,30,,35,,30.088,,29.98,,29.897,,29.262,,29.289,,28.703,,28.572,,0.082,,0.09,,0.097,,0.198,,0.259,,0.199,,0.226,,2589.828,,2859.905,,3086.034,,5538.107,,5404.998,,9274.315,,10463.21,,96935.43,,138689.4,,187776.1,,1665589,,2358294,,3397038,,4621071,,14.0429,0.111093259788348,0.093939943855994
17,59811.449,,1.179,,5,,6,,7,,21,,25,,30,,35,,29.985,,29.867,,29.724,,29.171,,28.926,,28.828,,28.771,,0.071,,0.076,,0.079,,0.171,,0.175,,0.211,,0.256,,2827.04,,3153.905,,3595.396,,5986.97,,7503.882,,8208.128,,8649.494,,98271.13,,140198.0,,190301.3,,1683233,,2384084,,3430274,,4666254,,5.2146,0.0930223595444588,0.084932857017516
18,59811.45297,,1.179,,5,,6,,7,,21,,25,,30,,35,,29.865,,29.71,,29.638,,28.68,,28.272,,28.069,,27.911,,0.055,,0.057,,0.063,,0.094,,0.082,,0.09,,0.099,,3160.467,,3648.571,,3898.579,,9416.849,,13718.01,,16526.29,,19124.27,,98923.94,,141772.5,,191149.7,,1694039,,2402055,,3455628,,4699905,,5.7108,0.0902351417874642,0.078513295194677
19,59811.45693,,1.18,,5,,6,,7,,21,,25,,30,,35,,30.02,,29.904,,29.835,,29.129,,28.937,,28.515,,28.204,,0.068,,0.073,,0.08,,0.153,,0.164,,0.146,,0.14,,2735.511,,3045.849,,3244.887,,6214.655,,7419.721,,10941.95,,14577.16,,100304.4,,143900.9,,194034.6,,1724569,,2443736,,3518523,,4787986,,8.2012,0.107834916909027,0.0906691261956294
20,59811.46089,,1.182,,5,,6,,7,,21,,25,,30,,35,,30.112,,29.986,,29.937,,28.912,,28.711,,28.527,,28.189,,0.078,,0.084,,0.093,,0.132,,0.141,,0.157,,0.147,,2508.924,,2816.705,,2946.885,,7575.575,,9116.977,,10800.29,,14748.76,,101497.2,,145267.7,,196629.9,,1747491,,2474843,,3561732,,4847933,,4.3842,0.1221626453245093,0.1008056035504216
21,59811.46485,,1.185,,5,,6,,7,,21,,25,,30,,35,,30.094,,30.032,,30.017,,29.396,,29.092,,28.648,,28.448,,0.086,,0.098,,0.113,,0.232,,0.225,,0.197,,0.209,,2544.427,,2694.387,,2730.023,,4837.754,,6400.972,,9632.717,,11586.4,,103332.1,,147804.8,,199908.1,,1777770,,2519611,,3628077,,4936150,,5.7215,0.1303460391957618,0.0989618470868884
22,59811.46882,,1.188,,5,,6,,7,,21,,25,,30,,35,,29.975,,29.871,,29.808,,29.787,,29.686,,29.842,,29.34,,0.074,,0.081,,0.09,,0.321,,0.375,,0.569,,0.458,,2832.243,,3114.481,,3302.564,,3365.755,,3693.24,,3200.841,,5082.795,,104786.4,,150116.6,,202591.2,,1797315,,2547220,,3665221,,4988466,,8.3485,0.1035375198975253,0.0871233590450561
23,59811.47279,,1.193,,5,,6,,7,,21,,25,,30,,35,,29.963,,29.839,,29.747,,28.746,,28.577,,28.213,,27.994,,0.076,,0.082,,0.088,,0.128,,0.14,,0.132,,0.138,,2881.79,,3229.337,,3513.613,,8840.923,,10329.02,,14437.22,,17667.65,,106153.1,,152293.4,,205355.6,,1827350,,2588731,,3726865,,5070252,,5.6066,0.1046044619426394,0.0897395376120333
24,59811.47675,,1.198,,5,,6,,7,,21,,25,,30,,35,,30.085,,30.022,,29.943,,29.629,,29.472,,29.158,,29.03,,0.089,,0.101,,0.11,,0.301,,0.333,,0.329,,0.374,,2578.105,,2731.709,,2936.14,,3922.838,,4532.367,,6049.807,,6810.255,,109103.8,,156294.4,,211242.6,,1877191,,2660042,,3829985,,5211569,,6.6473,0.1141666982808348,0.0954466430004661
25,59811.48071,,1.204,,5,,6,,7,,21,,25,,30,,35,,29.953,,29.902,,29.875,,30.309,,30.504,,30.893,,30.921,,0.081,,0.093,,0.107,,0.579,,0.888,,1.672,,2.193,,2898.413,,3039.149,,3116.979,,2089.835,,1745.85,,1220.276,,1189.168,,112106.5,,159788.5,,216992.5,,1922094,,2721632,,3917813,,5332447,,6.3613,0.1118542119418684,0.0874228977790206
26,59811.48467,,1.211,,5,,6,,7,,21,,25,,30,,35,,29.928,,29.851,,29.838,,29.082,,28.883,,28.733,,28.409,,0.075,,0.084,,0.097,,0.177,,0.189,,0.216,,0.205,,2973.526,,3191.971,,3229.816,,6479.04,,7780.177,,8931.646,,12040.03,,113772.6,,163178.6,,219839.5,,1957837,,2774480,,3992422,,5433346,,14.6024,0.1178079276835832,0.0897849367514536
27,59811.48864,,1.219,,5,,6,,7,,21,,25,,30,,35,,30.23,,30.076,,29.989,,29.78,,29.598,,29.597,,29.121,,0.091,,0.095,,0.103,,0.309,,0.335,,0.441,,0.363,,2266.001,,2610.628,,2827.606,,3429.16,,4056.184,,4057.105,,6293.931,,115207.5,,165096.4,,223882.1,,1989063,,2818064,,4056360,,5522110,,10.2987,0.1284343959480902,0.1151300157435688
28,59811.4926,,1.228,,5,,6,,7,,21,,25,,30,,35,,30.026,,29.934,,29.851,,29.423,,29.426,,29.217,,28.891,,0.067,,0.073,,0.079,,0.194,,0.249,,0.271,,0.256,,2711.146,,2950.467,,3186.567,,4722.741,,4711.936,,5710.547,,7711.248,,118709.6,,169951.4,,230213.2,,2045900,,2897186,,4170454,,5676326,,11.0433,0.1192775164265209,0.0994833937215187
29,59811.49658,,1.238,,5,,6,,7,,21,,25,,30,,35,,30.003,,29.867,,29.745,,29.268,,29.276,,28.924,,28.856,,0.073,,0.077,,0.081,,0.189,,0.244,,0.233,,0.279,,2774.715,,3144.901,,3517.106,,5458.016,,5418.122,,7495.075,,7981.728,,121764.0,,174099.7,,236563.8,,2097699,,2969618,,4276106,,5818375,,11.4126,0.1013529350009087,0.0936766764342735
30,59811.50054,,1.249,,5,,6,,7,,21,,25,,30,,35,,30.103,,29.954,,29.871,,29.372,,29.147,,29.16,,29.265,,0.08,,0.084,,0.091,,0.21,,0.218,,0.291,,0.41,,2524.634,,2895.814,,3126.382,,4950.591,,6091.194,,6017.19,,5463.325,,123922.1,,177343.6,,240578.3,,2139295,,3030003,,4360234,,5931819,,5.0588,0.119281275930015,0.1065074008217388
31,59811.5045,,1.26,,5,,6,,7,,21,,25,,30,,35,,30.149,,30.015,,29.927,,29.883,,29.823,,29.634,,29.321,,0.091,,0.096,,0.104,,0.365,,0.442,,0.489,,0.469,,2444.146,,2763.715,,2996.007,,3122.334,,3298.163,,3927.582,,5238.622,,126267.9,,181256.7,,245149.6,,2182081,,3092480,,4451607,,6057977,,6.1743,0.1302963057506906,0.1136703896477364
32,59811.50846,,1.273,,5,,6,,7,,21,,25,,30,,35,,30.446,,30.316,,30.242,,INDEF,,33.082,,INDEF,,INDEF,,0.161,,0.172,,0.188,,INDEF,,12.103,,INDEF,,INDEF,,1866.993,,2104.024,,2251.983,,-363.4168,,164.6777,,-160.988,,-2120.804,,128269.9,,184373.5,,249385.4,,2224138,,3153956,,4540594,,6177328,,56.1515,0.1684659424172019,0.1467640914264555
33,59811.51242,,1.287,,5,,6,,7,,21,,25,,30,,35,,30.223,,30.129,,30.021,,29.188,,28.883,,28.56,,28.456,,0.107,,0.118,,0.125,,0.212,,0.205,,0.2,,0.233,,2283.269,,2490.58,,2751.052,,5927.153,,7848.956,,10566.06,,11630.12,,129957.4,,185973.9,,252768.8,,2251073,,3189418,,4591752,,6246758,,8.177,0.1396931829825256,0.1211458836797958
34,59811.51639,,1.303,,5,,6,,7,,21,,25,,30,,35,,30.172,,30.106,,30.019,,28.822,,28.674,,28.575,,28.481,,0.123,,0.139,,0.151,,0.183,,0.205,,0.246,,0.288,,2397.439,,2546.578,,2759.21,,8306.741,,9520.061,,10428.58,,11373.85,,129037.7,,184372.3,,250786.7,,2235088,,3164100,,4552908,,6194396,,6.5817,0.1447438741804103,0.1178825416667958
35,59811.52035,,1.32,,5,,6,,7,,21,,25,,30,,35,,30.059,,29.926,,29.822,,29.894,,30.354,,30.458,,30.306,,0.088,,0.094,,0.1,,0.39,,0.764,,1.106,,1.23,,2647.292,,2990.768,,3293.395,,3081.515,,2017.33,,1833.494,,2107.537,,130230.0,,187105.2,,252733.3,,2249252,,3186644,,4586876,,6241852,,7.3845,0.1126857354067646,0.102152981343995
36,59811.52432,,1.337,,5,,6,,7,,21,,25,,30,,35,,29.975,,29.986,,29.97,,29.701,,29.297,,29.005,,28.486,,0.083,,0.1,,0.116,,0.329,,0.291,,0.293,,0.232,,2842.643,,2812.843,,2854.049,,3657.582,,5305.738,,6944.825,,11202.47,,129840.6,,184775.3,,251203.6,,2230617,,3159412,,4549681,,6195416,,11.7728,0.1314930464863493,0.0962022441746634
37,59811.52829,,1.357,,5,,6,,7,,21,,25,,30,,35,,30.018,,29.88,,29.83,,29.305,,29.197,,28.914,,28.928,,0.078,,0.083,,0.093,,0.208,,0.241,,0.245,,0.317,,2747.8,,3120.414,,3268.327,,5301.218,,5855.491,,7596.194,,7499.41,,129555.4,,185407.0,,251597.5,,2235497,,3166288,,4558341,,6201167,,8.9058,0.1126158986918994,0.0978962432345649
38,59812.34105,,1.532,,5,,6,,7,,21,,25,,30,,35,,30.009,,29.944,,29.921,,30.195,,30.528,,INDEF,,INDEF,,0.099,,0.113,,0.129,,0.609,,1.061,,INDEF,,INDEF,,2671.386,,2836.227,,2895.662,,2251.663,,1655.477,,-30050.73,,-48462.91,,84078.56,,120369.1,,162049.8,,1435762,,2034097,,2896272,,3934060,,7.938,0.1051830818118568,0.0824622099743301
39,59812.34502,,1.5,,5,,6,,7,,21,,25,,30,,35,,30.273,,30.113,,30.015,,29.772,,29.688,,INDEF,,INDEF,,0.077,,0.08,,0.086,,0.25,,0.296,,INDEF,,INDEF,,2088.472,,2420.864,,2649.998,,3312.589,,3580.27,,-26584.02,,-40658.88,,82036.81,,117286.3,,159214.7,,1409047,,1995099,,2841328,,3863194,,5.6857,0.1123289754755068,0.1032764665306933
40,59812.34898,,1.47,,5,,6,,7,,21,,25,,30,,35,,29.875,,29.847,,29.828,,28.722,,28.442,,INDEF,,INDEF,,0.057,,0.066,,0.076,,0.1,,0.099,,INDEF,,INDEF,,2980.546,,3059.449,,3112.205,,8623.851,,11159.35,,-14948.47,,-28906.28,,81849.05,,116305.9,,157579.9,,1394752,,1974782,,2812721,,3820038,,4.132,0.1089744216400091,0.0776566002480919
41,59812.35294,,1.443,,5,,6,,7,,21,,25,,30,,35,,29.912,,29.804,,29.736,,28.97,,28.605,,INDEF,,INDEF,,0.055,,0.059,,0.065,,0.116,,0.107,,INDEF,,INDEF,,2891.329,,3193.01,,3400.788,,6887.377,,9637.178,,-14417.21,,-28758.72,,82271.63,,117162.3,,158970.3,,1402172,,1986385,,2832035,,3845784,,5.4503,0.0974084921921922,0.0795668038925115
42,59812.3569,,1.417,,5,,6,,7,,21,,25,,30,,35,,30.047,,29.927,,29.87,,29.396,,29.163,,INDEF,,INDEF,,0.058,,0.062,,0.069,,0.16,,0.166,,INDEF,,INDEF,,2606.708,,2909.609,,3065.784,,4746.152,,5883.398,,-18340.22,,-35856.2,,81950.76,,117074.4,,158369.0,,1399953,,1983107,,2828918,,3839686,,8.0974,0.099428336761884,0.0839982235696849
43,59812.36087,,1.394,,5,,6,,7,,21,,25,,30,,35,,29.979,,29.859,,29.804,,30,,29.335,,INDEF,,INDEF,,0.063,,0.068,,0.075,,0.328,,0.228,,INDEF,,INDEF,,2761.382,,3082.972,,3245.746,,2708.849,,4997.583,,-17997.21,,-36277.95,,82128.55,,117279.8,,158510.6,,1398988,,1983449,,2830694,,3841040,,4.6313,0.0940915532003225,0.0794008694466406
44,59812.36483,,1.371,,5,,6,,7,,21,,25,,30,,35,,30.121,,30.02,,29.927,,29.736,,29.782,,INDEF,,INDEF,,0.076,,0.083,,0.09,,0.274,,0.367,,INDEF,,INDEF,,2452.055,,2689.982,,2932.075,,3496.099,,3349.46,,-16805.72,,-36530.75,,81250.99,,116280.2,,157037.0,,1389418,,1968091,,2812391,,3814157,,5.0554,0.1053725975186642,0.0899330802950103
45,59812.36879,,1.351,,5,,6,,7,,21,,25,,30,,35,,29.814,,29.684,,29.603,,28.676,,28.417,,INDEF,,INDEF,,0.047,,0.05,,0.054,,0.083,,0.084,,INDEF,,INDEF,,3255.985,,3669.644,,3955.149,,9289.394,,11795.11,,-4496.119,,-23626.94,,82239.53,,117567.5,,158399.9,,1398497,,1981264,,2831497,,3836372,,6.4001,0.0819337078997413,0.069797099971351
46,59812.3728,,1.332,,5,,6,,7,,21,,25,,30,,35,,29.794,,29.735,,29.725,,29.26,,29.196,,INDEF,,INDEF,,0.044,,0.049,,0.057,,0.133,,0.16,,INDEF,,INDEF,,3285.375,,3470.276,,3501.359,,5372.385,,5702.646,,-14666.18,,-33208.69,,82250.29,,117139.5,,157955.6,,1393190,,1972649,,2817924,,3822236,,4.6764,0.087183929753796,0.0666862841343639
47,59812.37677,,1.314,,5,,6,,7,,21,,25,,30,,35,,30.02,,29.87,,29.748,,29.528,,29.369,,INDEF,,INDEF,,0.067,,0.07,,0.073,,0.217,,0.24,,INDEF,,INDEF,,2698.727,,3098.936,,3465.431,,4245.594,,4915.878,,-454.4221,,-29393.06,,80947.22,,115865.0,,156528.4,,1381170,,1956879,,2809982,,3795304,,4.7445,0.0874943703886405,0.0806194370053204
48,59812.38073,,1.298,,5,,6,,7,,21,,25,,30,,35,,29.901,,29.794,,29.775,,29.803,,29.358,,INDEF,,INDEF,,0.063,,0.069,,0.079,,0.296,,0.252,,INDEF,,INDEF,,3020.714,,3333.314,,3389.938,,3303.396,,4977.658,,917.8873,,-26395.88,,81396.06,,116432.3,,156593.8,,1382777,,1960796,,2817003,,3806146,,4.6016,0.0896308989529539,0.0722153948745095
49,59812.38469,,1.283,,5,,6,,7,,21,,25,,30,,35,,29.978,,29.913,,29.908,,29.282,,28.987,,INDEF,,INDEF,,0.055,,0.062,,0.072,,0.148,,0.144,,INDEF,,INDEF,,2834.779,,3007.824,,3021.318,,5378.752,,7058.804,,-1802.956,,-24963.59,,81890.76,,116544.0,,157886.2,,1395105,,1975955,,2833381,,3834126,,5.3454,0.103149605320241,0.0781574347012331
50,59812.40664,,1.22,,5,,6,,7,,21,,25,,30,,35,,29.904,,29.814,,29.721,,28.796,,28.731,,28.587,,INDEF,,0.065,,0.072,,0.077,,0.12,,0.145,,0.167,,INDEF,,3016.924,,3277.572,,3571.178,,8367.524,,8886.558,,10145.45,,-3763.106,,78433.9,,111931.5,,151095.9,,1335329,,1890014,,2718569,,3682252,,6.1639,0.0873948959978706,0.0729019531219012
51,59812.41065,,1.212,,5,,6,,7,,21,,25,,30,,35,,29.816,,29.722,,29.658,,28.602,,28.281,,28.001,,INDEF,,0.056,,0.061,,0.067,,0.093,,0.088,,0.09,,INDEF,,3303.595,,3602.441,,3820.673,,10113.65,,13591.5,,17588.43,,6547.4,,79552.13,,113671.4,,152885.7,,1352700,,1917113,,2758256,,3736392,,5.105,0.0861932477850449,0.0688246675134019
52,59812.41461,,1.205,,5,,6,,7,,21,,25,,30,,35,,29.9,,29.805,,29.754,,29.135,,28.905,,28.539,,INDEF,,0.051,,0.056,,0.063,,0.128,,0.133,,0.125,,INDEF,,3038.715,,3316.135,,3476.111,,6147.86,,7597.721,,10645.43,,-4556.298,,80389.9,,114104.5,,155109.2,,1365949,,1933499,,2783881,,3770037,,8.7304,0.0861481113555686,0.0709164783205563
53,59812.41857,,1.199,,5,,6,,7,,21,,25,,30,,35,,29.807,,29.74,,29.728,,28.923,,28.914,,28.538,,INDEF,,0.047,,0.053,,0.061,,0.105,,0.133,,0.124,,INDEF,,3320.748,,3529.815,,3569.869,,7495.163,,7559.424,,10687.76,,-5457.354,,81162.38,,115160.2,,156039.9,,1376095,,1946079,,2801998,,3793841,,22.382,0.0806365704685862,0.0636062858486692
54,59812.42253,,1.194,,5,,6,,7,,21,,25,,30,,35,,29.759,,29.698,,29.673,,29.465,,29.686,,29.924,,INDEF,,0.048,,0.054,,0.061,,0.183,,0.288,,0.474,,INDEF,,3478.998,,3680.933,,3767.467,,4560.257,,3722.486,,2989.18,,-8370.96,,81273.58,,115822.1,,155888.4,,1373477,,1944458,,2797256,,3794215,,5.2798,0.0799335548167352,0.0622925280953218
55,59812.4265,,1.189,,5,,6,,7,,21,,25,,30,,35,,29.873,,29.776,,29.795,,28.85,,28.707,,28.389,,INDEF,,0.061,,0.067,,0.079,,0.121,,0.136,,0.134,,INDEF,,3121.95,,3413.188,,3352.664,,8010.817,,9136.966,,12238.61,,10464.28,,81517.81,,115735.0,,156653.7,,1382642,,1956080,,2816383,,3827843,,6.6946,0.0976202016973693,0.0727866618998332
56,59812.43046,,1.185,,5,,6,,7,,21,,25,,30,,35,,30.007,,29.95,,29.846,,29.032,,29.083,,28.892,,INDEF,,0.071,,0.08,,0.086,,0.148,,0.199,,0.219,,INDEF,,2763.665,,2912.691,,3206.723,,6783.241,,6473.143,,7721.751,,-3719.804,,81423.57,,115906.1,,157015.8,,1389122,,1965371,,2828313,,3835220,,5.3104,0.1009674909117432,0.0819983514517971
57,59812.43442,,1.182,,5,,6,,7,,21,,25,,30,,35,,30.001,,29.979,,29.927,,29.093,,28.9,,28.739,,INDEF,,0.06,,0.07,,0.078,,0.133,,0.142,,0.162,,INDEF,,2785.165,,2840.852,,2979.723,,6425.229,,7678.49,,8899.018,,8946.047,,82270.28,,117376.2,,158432.5,,1404928,,1990151,,2863335,,3893700,,4.4968,0.1098504344397584,0.0818369427911518
58,59812.43838,,1.18,,5,,6,,7,,21,,25,,30,,35,,30.076,,30.01,,29.974,,29.381,,29.366,,29.287,,INDEF,,0.06,,0.068,,0.076,,0.161,,0.203,,0.249,,INDEF,,2605.898,,2769.352,,2863.392,,4941.849,,5011.938,,5388.486,,663.2083,,83086.49,,118970.2,,160208.9,,1422168,,2014370,,2898493,,3937981,,4.4674,0.1074349063704346,0.0847913049645413
59,59812.44235,,1.179,,5,,6,,7,,21,,25,,30,,35,,29.901,,29.826,,29.803,,29.328,,29.284,,29.16,,INDEF,,0.051,,0.056,,0.064,,0.15,,0.185,,0.217,,INDEF,,3036.065,,3252.172,,3322.433,,5147.939,,5361.48,,6009.843,,774.0798,,85140.15,,121097.1,,164131.2,,1448634,,2050217,,2950660,,4008990,,5.231,0.0946515983382396,0.0739728163819782
60,59812.44631,,1.179,,5,,6,,7,,21,,25,,30,,35,,29.973,,29.857,,29.787,,29.048,,28.916,,28.796,,28.765,,0.052,,0.057,,0.062,,0.113,,0.129,,0.152,,0.189,,2869.096,,3190.81,,3405.212,,6719.889,,7593.409,,8478.561,,8722.412,,85769.65,,122863.1,,165433.0,,1466554,,2077437,,2988666,,4064725,,7.1411,0.0956170161246347,0.0801551859043272
61,59812.46047,,1.184,,5,,6,,7,,21,,25,,30,,35,,29.983,,29.893,,29.875,,29.336,,29.305,,29.223,,28.925,,0.055,,0.06,,0.069,,0.152,,0.19,,0.233,,0.226,,2834.05,,3078.397,,3130.82,,5143.263,,5291.716,,5703.639,,7505.38,,89683.74,,127957.4,,173147.9,,1532275,,2169092,,3121759,,4248960,,11.5723,0.1020372236580806,0.0809441186036215
62,59812.46443,,1.187,,5,,6,,7,,21,,25,,30,,35,,29.978,,29.9,,29.89,,29.53,,29.358,,29.105,,28.86,,0.06,,0.066,,0.077,,0.201,,0.22,,0.23,,0.235,,2822.185,,3033.204,,3061.121,,4264.389,,4995.448,,6306.611,,7903.19,,89772.78,,128080.6,,173104.1,,1533250,,2171751,,3126181,,4254153,,6.133,0.1084647940077273,0.083101789486047
63,59812.4684,,1.191,,5,,6,,7,,21,,25,,30,,35,,30.104,,29.977,,29.989,,30.017,,30.184,,31.194,,31.05,,0.087,,0.093,,0.11,,0.413,,0.618,,2.069,,2.32,,2531.814,,2846.148,,2814.356,,2744.016,,2353.349,,928.0928,,1059.811,,91119.6,,130326.0,,176137.2,,1559922,,2209043,,3178720,,4326444,,6.554,0.1191076766844333,0.0935344636760027
64,59812.47237,,1.196,,5,,6,,7,,21,,25,,30,,35,,29.923,,29.795,,29.729,,29.026,,28.846,,28.594,,28.175,,0.068,,0.073,,0.08,,0.153,,0.167,,0.175,,0.152,,2976.102,,3348.983,,3558.809,,6799.938,,8026.45,,10114.6,,14888.41,,91476.21,,130809.0,,176692.4,,1563803,,2215217,,3187976,,4339825,,4.6443,0.0956242690653337,0.0803868355757593
65,59812.47633,,1.202,,5,,6,,7,,21,,25,,30,,35,,30.028,,29.897,,29.902,,29.738,,29.703,,29.668,,29.506,,0.084,,0.089,,0.105,,0.331,,0.411,,0.525,,0.579,,2724.103,,3073.571,,3057.308,,3557.159,,3675.031,,3795.79,,4402.873,,92438.59,,131972.0,,178631.4,,1580658,,2238771,,3222040,,4384485,,7.7925,0.1093390314394806,0.0870363415068745
66,59812.48029,,1.208,,5,,6,,7,,21,,25,,30,,35,,30.081,,29.969,,29.949,,29.812,,29.803,,29.576,,29.416,,0.096,,0.104,,0.12,,0.386,,0.491,,0.525,,0.579,,2600.811,,2882.658,,2937.904,,3333.691,,3359.132,,4139.877,,4798.544,,94160.24,,134529.6,,181941.7,,1612817,,2284439,,3288587,,4474951,,11.061,0.1204286940166544,0.0946119447191462
67,59812.48425,,1.216,,5,,6,,7,,21,,25,,30,,35,,30.129,,30.012,,29.921,,28.948,,28.746,,28.521,,28.339,,0.103,,0.112,,0.121,,0.181,,0.193,,0.207,,0.224,,2479.09,,2761.683,,3003.933,,7354.631,,8863.978,,10903.74,,12895.06,,95057.54,,135519.4,,184365.9,,1634890,,2314218,,3330513,,4531461,,6.3185,0.125590824804869,0.1035922177663908
68,59812.48822,,1.224,,5,,6,,7,,21,,25,,30,,35,,30.209,,30.051,,30.01,,29.217,,28.89,,28.725,,28.618,,0.099,,0.103,,0.116,,0.205,,0.195,,0.22,,0.256,,2310.836,,2673.085,,2777.197,,5762.741,,7789.828,,9070.779,,10004.42,,95467.98,,136042.9,,185444.4,,1643266,,2327039,,3348788,,4555582,,4.9385,0.130282352996888,0.1084477868259442
69,59812.49219,,1.234,,5,,6,,7,,21,,25,,30,,35,,30.055,,29.925,,29.839,,28.91,,28.647,,28.192,,27.934,,0.074,,0.079,,0.085,,0.132,,0.133,,0.116,,0.117,,2653.701,,2991.455,,3238.554,,7620.245,,9706.765,,14764.84,,18723.38,,97606.31,,139576.7,,189035.7,,1677120,,2375610,,3421569,,4655820,,10.7154,0.1231034493799746,0.1006115830136467
70,59812.49616,,1.244,,5,,6,,7,,21,,25,,30,,35,,30.148,,30.015,,29.946,,29.617,,29.622,,30.071,,30.031,,0.104,,0.11,,0.122,,0.33,,0.425,,0.849,,1.047,,2430.414,,2746.688,,2927.094,,3962.929,,3944.171,,2607.216,,2705.976,,99380.77,,141775.2,,192661.2,,1705538,,2414059,,3473570,,4727708,,16.5363,0.1235006422176093,0.1039598494788449
71,59812.50012,,1.255,,5,,6,,7,,21,,25,,30,,35,,30.348,,30.222,,30.115,,29.708,,29.749,,29.66,,29.15,,0.102,,0.11,,0.117,,0.294,,0.392,,0.476,,0.381,,2034.317,,2283.966,,2521.028,,3668.568,,3532.75,,3831.337,,6132.555,,100295.6,,143638.7,,194855.3,,1731256,,2451818,,3529461,,4805098,,7.3072,0.1367085868573741,0.1209463035131357
72,59812.50408,,1.268,,5,,6,,7,,21,,25,,30,,35,,29.917,,29.829,,29.742,,29.48,,29.281,,29.046,,28.656,,0.068,,0.075,,0.081,,0.233,,0.248,,0.264,,0.236,,3025.907,,3278.932,,3554.211,,4524.936,,5434.662,,6748.084,,9661.269,,104442.4,,149030.2,,202167.8,,1787907,,2532160,,3645222,,4962121,,13.9978,0.1024532447176602,0.0845449744832329
73,59812.50804,,1.282,,5,,6,,7,,21,,25,,30,,35,,30.116,,30.032,,30.005,,29.841,,30.035,,29.983,,29.883,,0.084,,0.093,,0.106,,0.336,,0.514,,0.647,,0.755,,2513.76,,2716.81,,2784.37,,3238.025,,2708.176,,2840.775,,3114.07,,104310.8,,149080.7,,201920.0,,1793547,,2539183,,3655090,,4974093,,62.7071,0.1299714494402578,0.1013859165119194
74,59812.51201,,1.297,,5,,6,,7,,21,,25,,30,,35,,30.238,,30.005,,29.845,,29.807,,30.033,,29.795,,29.186,,0.091,,0.088,,0.089,,0.316,,0.499,,0.528,,0.386,,2240.994,,2776.137,,3217.194,,3330.952,,2705.094,,3368.497,,5904.847,,105087.0,,150734.7,,204458.0,,1811992,,2565713,,3693927,,5029184,,27.7511,0.1132847037856494,0.1151304054851848
75,59812.51598,,1.313,,5,,6,,7,,21,,25,,30,,35,,30.263,,30.217,,30.248,,29.936,,30.104,,29.491,,29.452,,0.123,,0.141,,0.171,,0.471,,0.705,,0.528,,0.652,,2185.89,,2280.267,,2215.824,,2954.073,,2529.126,,4450.679,,4612.675,,105491.1,,150695.3,,204685.1,,1819516,,2576279,,3710574,,5049135,,11.7514,0.1584866845844313,0.1149551955178728
76,59812.51994,,1.33,,5,,6,,7,,21,,25,,30,,35,,30.187,,29.984,,29.803,,29.062,,28.921,,28.371,,28.048,,0.111,,0.111,,0.11,,0.204,,0.23,,0.183,,0.174,,2340.845,,2822.497,,3334.887,,6600.884,,7517.742,,12474.65,,16786.83,,106408.7,,153084.5,,206812.0,,1838207,,2604480,,3751718,,5106219,,17.434,0.1142574136629854,0.1140034906588293
77,59812.52391,,1.349,,5,,6,,7,,21,,25,,30,,35,,30.266,,30.229,,30.17,,29.454,,29.602,,29.305,,29.149,,0.092,,0.107,,0.119,,0.226,,0.333,,0.334,,0.37,,2174.544,,2251.472,,2375.861,,4595.334,,4010.191,,5273.043,,6084.858,,107903.4,,154767.3,,209054.4,,1865465,,2642411,,3803808,,5175267,,7.6456,0.1437092874642816,0.1143655661255225
78,59812.52787,,1.369,,5,,6,,7,,21,,25,,30,,35,,29.978,,29.809,,29.622,,29.361,,29.22,,29.179,,28.995,,0.06,,0.062,,0.061,,0.173,,0.195,,0.248,,0.267,,2836.41,,3313.678,,3936.716,,5006.194,,5700.063,,5918.452,,7010.234,,109215.5,,156323.3,,212167.7,,1875121,,2655669,,3822122,,5201467,,13.6725,0.093384788861623,0.0918831186782673
79,59812.53183,,1.391,,5,,6,,7,,21,,25,,30,,35,,30.089,,29.923,,29.844,,28.779,,28.751,,28.504,,28.076,,0.069,,0.071,,0.078,,0.107,,0.133,,0.14,,0.121,,2554.058,,2975.383,,3198.572,,8535.363,,8755.72,,10993.92,,16308.53,,109171.6,,155863.2,,211867.9,,1879844,,2659268,,3828157,,5212639,,9.6823,0.1265939939202833,0.1082300293218294
80,59812.53581,,1.415,,5,,6,,7,,21,,25,,30,,35,,30.318,,30.189,,30.069,,29.375,,29.038,,28.961,,28.562,,0.097,,0.103,,0.109,,0.21,,0.197,,0.242,,0.215,,2077.21,,2339.287,,2613.322,,4953.094,,6753.607,,7252.911,,10470.53,,110892.9,,159005.0,,215380.1,,1918681,,2719397,,3913158,,5326208,,15.2721,0.1454111811415096,0.1284706278289811
81,59812.53977,,1.44,,5,,6,,7,,21,,25,,30,,35,,30.101,,29.997,,29.885,,29.488,,29.514,,29.477,,29.212,,0.073,,0.08,,0.084,,0.213,,0.279,,0.356,,0.357,,2520.708,,2773.449,,3076.351,,4433.644,,4330.253,,4476.897,,5713.879,,109498.8,,156849.2,,212315.7,,1885463,,2670729,,3843948,,5231433,,25.243,0.1174538591771398,0.1021717436022814
82,59812.54373,,1.468,,5,,6,,7,,21,,25,,30,,35,,30.303,,30.15,,30.123,,31.537,,30.581,,30.141,,29.953,,0.098,,0.103,,0.118,,1.59,,0.846,,0.745,,0.801,,2087.53,,2401.835,,2464.498,,669.6295,,1615.763,,2422.0,,2882.187,,108502.4,,156063.0,,210510.6,,1874110,,2657855,,3827058,,5208116,,7.8589,0.1461551906584646,0.1230062253712887
83,59812.5477,,1.498,,5,,6,,7,,21,,25,,30,,35,,29.986,,29.859,,29.853,,29.385,,29.11,,28.87,,28.636,,0.081,,0.086,,0.101,,0.24,,0.239,,0.252,,0.26,,2804.25,,3153.871,,3170.864,,4880.552,,6285.769,,7837.73,,9729.095,,108496.7,,154714.9,,210196.4,,1862955,,2638144,,3797512,,5168057,,7.6858,0.1215582060884408,0.094961412947129
84,59812.55167,,1.529,,5,,6,,7,,21,,25,,30,,35,,30.187,,30.092,,30.021,,30.252,,30.439,,31.196,,31.267,,0.085,,0.094,,0.103,,0.466,,0.71,,1.88,,2.571,,2323.869,,2537.897,,2708.733,,2189.614,,1842.96,,918.0983,,859.3311,,109660.3,,157227.1,,212752.7,,1891359,,2679748,,3856661,,5248176,,12.9509,0.1334360207783897,0.1108784843454592
85,59813.35341,,1.422,,5,,6,,7,,21,,25,,30,,35,,29.816,,29.685,,29.609,,29.07,,28.951,,29.285,,29.492,,0.085,,0.091,,0.099,,0.22,,0.253,,0.453,,0.7,,3216.011,,3625.583,,3890.436,,6387.611,,7129.725,,5240.148,,4333.8,,88893.24,,126944.6,,171754.2,,1514286,,2144145,,3082265,,4192096,,5.3289,0.0815435277704808,0.070779510708159
86,59813.35737,,1.398,,5,,6,,7,,21,,25,,30,,35,,29.847,,29.795,,29.746,,28.776,,28.639,,28.454,,28.213,,0.072,,0.083,,0.092,,0.138,,0.156,,0.173,,0.177,,3124.447,,3277.775,,3428.658,,8375.604,,9503.362,,11267.36,,14070.57,,87961.76,,125331.6,,169338.3,,1500231,,2123805,,3055592,,4157467,,5.764,0.0951911704846858,0.073958244341063
87,59813.36133,,1.375,,5,,6,,7,,21,,25,,30,,35,,29.855,,29.771,,29.765,,29.336,,29.325,,29.456,,29.212,,0.061,,0.068,,0.079,,0.193,,0.244,,0.363,,0.371,,3123.613,,3375.724,,3394.584,,5040.844,,5090.505,,4510.152,,5646.132,,86629.95,,123151.0,,166828.8,,1470872,,2081304,,2994578,,4075991,,4.6902,0.0936897519400612,0.0726393400131175
88,59813.36529,,1.354,,5,,6,,7,,21,,25,,30,,35,,29.933,,29.87,,29.792,,29.482,,29.424,,29.39,,29.457,,0.068,,0.077,,0.084,,0.23,,0.28,,0.357,,0.485,,2900.586,,3073.791,,3301.655,,4394.105,,4632.661,,4781.339,,4496.348,,86061.41,,122699.5,,166103.6,,1466663,,2076652,,2988542,,4065808,,5.5515,0.0964169419167578,0.0782026126837434
89,59813.36925,,1.335,,5,,6,,7,,21,,25,,30,,35,,29.864,,29.887,,29.901,,28.91,,28.807,,28.786,,28.594,,0.077,,0.094,,0.111,,0.164,,0.19,,0.246,,0.263,,3079.202,,3013.743,,2976.592,,7409.438,,8149.723,,8307.274,,9914.608,,85737.54,,121955.1,,164961.0,,1462144,,2069733,,2976742,,4049973,,4.5149,0.1051225331075578,0.0728620528481578
90,59813.37322,,1.318,,5,,6,,7,,21,,25,,30,,35,,29.681,,29.606,,29.561,,28.904,,29.005,,28.956,,28.564,,0.064,,0.071,,0.08,,0.16,,0.225,,0.283,,0.252,,3682.654,,3946.96,,4115.919,,7538.397,,6864.232,,7180.323,,10308.13,,85951.16,,122346.5,,165126.9,,1454245,,2057153,,2959535,,4028872,,4.7884,0.075593291552738,0.0606498243954942
91,59813.37718,,1.301,,5,,6,,7,,21,,25,,30,,35,,29.755,,29.661,,29.554,,28.584,,28.441,,28.376,,28.208,,0.061,,0.067,,0.071,,0.106,,0.119,,0.148,,0.161,,3438.2,,3747.808,,4137.396,,10113.86,,11536.13,,12241.75,,14293.03,,84837.44,,121164.0,,163261.0,,1442693,,2042540,,2936525,,3994060,,5.9864,0.078592077395796,0.0666129164630834
92,59813.38114,,1.286,,5,,6,,7,,21,,25,,30,,35,,29.921,,29.812,,29.71,,28.709,,28.711,,28.783,,28.581,,0.064,,0.07,,0.074,,0.107,,0.137,,0.193,,0.205,,2953.614,,3265.126,,3586.666,,9015.079,,8999.901,,8423.63,,10145.82,,85176.19,,121369.5,,164662.2,,1454378,,2056563,,2956938,,4023579,,10.7304,0.0847672388349022,0.0744631651631395
93,59813.3851,,1.272,,5,,6,,7,,21,,25,,30,,35,,29.911,,29.812,,29.726,,29.076,,28.852,,28.721,,28.426,,0.057,,0.062,,0.067,,0.133,,0.139,,0.162,,0.158,,2996.548,,3284.784,,3554.481,,6464.488,,7951.233,,8970.677,,11773.07,,85041.52,,121407.9,,164128.2,,1450333,,2053892,,2954806,,4021357,,6.734,0.092854762585643,0.0771807855428016
94,59813.38907,,1.259,,5,,6,,7,,21,,25,,30,,35,,29.812,,29.666,,29.585,,29.022,,28.819,,28.649,,28.499,,0.061,,0.064,,0.069,,0.15,,0.159,,0.179,,0.2,,3283.582,,3757.487,,4047.92,,6798.125,,8197.582,,9580.354,,11003.64,,84754.3,,121413.5,,163336.3,,1441649,,2042573,,2938708,,3997365,,6.1153,0.0756804308583383,0.0672140927212439
95,59813.39303,,1.247,,5,,6,,7,,21,,25,,30,,35,,29.998,,29.893,,29.747,,29.019,,28.876,,28.687,,28.459,,0.067,,0.073,,0.075,,0.14,,0.157,,0.173,,0.18,,2773.402,,3056.317,,3494.57,,6833.06,,7796.923,,9279.847,,11451.46,,83000.17,,118458.6,,160348.8,,1417321,,2006864,,2887674,,3928954,,6.214,0.0915971565814422,0.0816274439846065
96,59813.40695,,1.214,,5,,6,,7,,21,,25,,30,,35,,29.947,,29.868,,29.843,,29.225,,29.313,,29.465,,29.292,,0.066,,0.073,,0.084,,0.172,,0.24,,0.363,,0.396,,2900.144,,3118.682,,3191.593,,5639.449,,5200.417,,4520.729,,5299.172,,79552.87,,113578.4,,153136.4,,1354462,,1917312,,2757575,,3751921,,6.0953,0.0919930329340445,0.0733992420907184
97,59813.41091,,1.207,,5,,6,,7,,21,,25,,30,,35,,29.887,,29.807,,29.751,,29.021,,28.883,,28.526,,28.259,,0.053,,0.059,,0.065,,0.12,,0.136,,0.129,,0.129,,3079.137,,3313.297,,3488.726,,6834.01,,7762.153,,10784.84,,13794.04,,79466.68,,113624.5,,152791.3,,1352011,,1915075,,2756996,,3751312,,5.4295,0.086097798292946,0.0699950962466428
98,59813.41487,,1.2,,5,,6,,7,,21,,25,,30,,35,,29.889,,29.779,,29.704,,29.222,,29.178,,28.855,,28.708,,0.045,,0.048,,0.053,,0.12,,0.148,,0.145,,0.161,,3083.42,,3411.831,,3655.66,,5699.353,,5934.041,,7991.605,,9149.302,,79768.29,,113510.4,,153828.5,,1353600,,1915500,,2757757,,3751924,,6.608,0.0843090708759249,0.0710013547054147
99,59813.41883,,1.195,,5,,6,,7,,21,,25,,30,,35,,29.883,,29.79,,29.705,,29.448,,29.137,,29.233,,29.139,,0.048,,0.053,,0.057,,0.161,,0.155,,0.224,,0.262,,3096.094,,3371.864,,3645.65,,4622.322,,6152.838,,5630.616,,6141.748,,79892.56,,114197.2,,153760.2,,1357003,,1923639,,2766330,,3763470,,4.9883,0.0817286395166022,0.0693277531005185
100,59813.4228,,1.19,,5,,6,,7,,21,,25,,30,,35,,30.044,,29.959,,29.888,,29.195,,28.955,,28.885,,28.62,,0.062,,0.069,,0.075,,0.144,,0.148,,0.183,,0.183,,2671.547,,2890.164,,3084.599,,5836.598,,7285.052,,7770.467,,9919.53,,79267.46,,113145.8,,152958.0,,1353097,,1916677,,2757067,,3751857,,6.0511,0.1003150591274,0.0821205784210172
101,59813.42676,,1.186,,5,,6,,7,,21,,25,,30,,35,,29.867,,29.772,,29.622,,28.721,,28.56,,28.431,,28.272,,0.061,,0.067,,0.068,,0.108,,0.119,,0.139,,0.154,,3136.831,,3422.47,,3929.058,,9012.557,,10447.73,,11767.58,,13622.09,,79434.0,,112990.6,,153267.4,,1350190,,1910604,,2747922,,3737747,,5.3136,0.0771752735730438,0.0690507870910392
102,59813.43078,,1.183,,5,,6,,7,,21,,25,,30,,35,,29.914,,29.728,,29.647,,29.121,,29.148,,29.103,,28.863,,0.053,,0.053,,0.058,,0.128,,0.168,,0.212,,0.218,,2999.819,,3561.125,,3835.542,,6228.335,,6076.786,,6329.584,,7899.181,,79302.31,,113750.8,,153006.2,,1349833,,1911076,,2749250,,3740850,,8.3979,0.0794576763119327,0.0724760436664343
103,59813.43475,,1.181,,5,,6,,7,,21,,25,,30,,35,,29.833,,29.692,,29.609,,28.708,,28.517,,28.406,,28.107,,0.063,,0.067,,0.072,,0.115,,0.123,,0.146,,0.142,,3249.537,,3702.533,,3994.317,,9156.667,,10921.35,,12097.75,,15931.53,,80357.69,,114559.5,,154908.4,,1365021,,1932600,,2779003,,3781671,,6.3303,0.0793797068368326,0.0686856631328395
104,59813.43871,,1.179,,5,,6,,7,,21,,25,,30,,35,,29.84,,29.765,,29.666,,28.85,,28.762,,28.593,,28.306,,0.059,,0.066,,0.07,,0.12,,0.141,,0.159,,0.156,,3220.619,,3452.252,,3781.346,,8013.354,,8690.987,,10159.55,,13230.42,,80990.08,,115568.4,,155818.4,,1376423,,1948791,,2803458,,3814454,,5.6455,0.0833299794430058,0.0691090710873057
105,59813.44267,,1.179,,5,,6,,7,,21,,25,,30,,35,,29.957,,29.838,,29.837,,28.572,,28.554,,28.379,,28.084,,0.062,,0.066,,0.077,,0.087,,0.11,,0.123,,0.12,,2904.395,,3241.89,,3245.175,,10397.86,,10579.93,,12421.44,,16309.9,,82428.72,,117656.5,,158806.1,,1409412,,1992842,,2866611,,3901111,,6.5835,0.0959642564706847,0.0764023512264322
106,59813.44663,,1.179,,5,,6,,7,,21,,25,,30,,35,,30.075,,29.933,,29.917,,29.108,,29.164,,29.078,,28.673,,0.093,,0.098,,0.114,,0.197,,0.266,,0.324,,0.285,,2610.518,,2975.584,,3018.894,,6362.885,,6038.604,,6537.066,,9493.863,,82809.34,,118493.0,,159907.9,,1417367,,2006260,,2886428,,3928917,,5.0352,0.0995582325716039,0.0833705712017669
107,59813.45622,,1.183,,5,,6,,7,,21,,25,,30,,35,,29.992,,29.849,,29.707,,28.879,,28.736,,28.586,,28.495,,0.062,,0.065,,0.067,,0.112,,0.126,,0.144,,0.17,,2851.068,,3254.753,,3708.071,,7948.57,,9070.403,,10411.44,,11317.63,,84247.16,,120224.3,,163260.2,,1439606,,2037580,,2931337,,3986970,,5.6779,0.0828884853869225,0.0774526316424221
108,59813.46019,,1.186,,5,,6,,7,,21,,25,,30,,35,,29.952,,29.779,,29.689,,29.092,,28.907,,28.802,,28.691,,0.068,,0.07,,0.075,,0.157,,0.17,,0.203,,0.234,,2946.409,,3453.172,,3751.68,,6502.026,,7708.928,,8492.341,,9408.072,,84312.59,,120894.4,,162831.8,,1439501,,2039469,,2933679,,3990462,,6.1301,0.0831066903486642,0.0757314534694526
109,59813.46415,,1.189,,5,,6,,7,,21,,25,,30,,35,,29.919,,29.792,,29.756,,28.888,,28.716,,28.597,,28.475,,0.059,,0.063,,0.072,,0.117,,0.128,,0.151,,0.172,,3029.741,,3407.112,,3521.592,,7829.55,,9176.412,,10242.55,,11454.01,,84451.18,,120480.9,,162874.9,,1439332,,2037619,,2931328,,3987500,,11.4273,0.0867398362114416,0.0727413190406793
110,59813.46811,,1.194,,5,,6,,7,,21,,25,,30,,35,,29.874,,29.745,,29.607,,29.068,,28.927,,28.658,,28.492,,0.06,,0.064,,0.066,,0.146,,0.164,,0.168,,0.184,,3163.59,,3562.949,,4048.119,,6646.67,,7573.28,,9697.317,,11303.83,,85631.05,,122069.8,,165551.7,,1456758,,2062011,,2968240,,4038482,,2.78,0.0785902242607681,0.0715983938269706
111,59813.47207,,1.199,,5,,6,,7,,21,,25,,30,,35,,29.842,,29.709,,29.607,,28.546,,28.325,,28.079,,27.822,,0.072,,0.077,,0.082,,0.112,,0.117,,0.123,,0.124,,3233.396,,3654.698,,4014.715,,10663.95,,13067.35,,16391.07,,20765.05,,86935.25,,124062.4,,167830.4,,1482048,,2098156,,3019107,,4107911,,7.5873,0.0825737042989982,0.0720967891162021
112,59813.47605,,1.206,,5,,6,,7,,21,,25,,30,,35,,29.861,,29.711,,29.697,,28.881,,28.927,,28.913,,28.708,,0.081,,0.085,,0.098,,0.168,,0.225,,0.292,,0.309,,3194.642,,3667.712,,3713.398,,7875.475,,7551.391,,7649.346,,9238.758,,89101.82,,127409.5,,171777.0,,1519320,,2150139,,3092486,,4207492,,7.8593,0.0847504562098024,0.0709989987095239
113,59813.48001,,1.213,,5,,6,,7,,21,,25,,30,,35,,30.104,,29.988,,29.968,,29.812,,29.342,,29.396,,29.156,,0.068,,0.074,,0.085,,0.266,,0.221,,0.306,,0.314,,2552.618,,2840.636,,2894.175,,3339.837,,5151.852,,4901.023,,6114.975,,89227.77,,127966.7,,172388.9,,1529894,,2169527,,3121028,,4246919,,9.0249,0.1085084720664622,0.0889455801872734
114,59813.48397,,1.221,,5,,6,,7,,21,,25,,30,,35,,30.019,,29.875,,29.692,,28.463,,28.321,,28.059,,27.781,,0.067,,0.07,,0.07,,0.082,,0.092,,0.095,,0.094,,2778.56,,3172.732,,3754.74,,11648.09,,13281.27,,16908.23,,21827.26,,90765.83,,129131.5,,176291.8,,1558237,,2203778,,3171237,,4315068,,12.178,0.0944673550413098,0.0887002658866395
115,59813.48793,,1.23,,5,,6,,7,,21,,25,,30,,35,,30.052,,29.865,,29.776,,29.303,,29.118,,28.844,,28.546,,0.067,,0.068,,0.073,,0.171,,0.185,,0.189,,0.184,,2678.994,,3180.841,,3452.959,,5339.301,,6330.196,,8152.776,,10721.95,,90846.54,,129479.4,,175829.2,,1551012,,2195466,,3161156,,4303070,,30.8376,0.0985390443334599,0.0894361225496214
116,59813.49191,,1.24,,5,,6,,7,,21,,25,,30,,35,,30.192,,30.061,,29.933,,29.312,,29.017,,28.649,,28.438,,0.068,,0.072,,0.075,,0.153,,0.149,,0.14,,0.147,,2352.595,,2653.188,,2987.536,,5292.285,,6944.25,,9741.776,,11830.67,,90245.84,,129371.2,,174856.9,,1551704,,2199087,,3166208,,4307718,,6.3165,0.1131548013968235,0.1013121455429387
117,59813.49587,,1.251,,5,,6,,7,,21,,25,,30,,35,,30.116,,29.95,,29.806,,29.546,,29.934,,29.655,,29.901,,0.086,,0.089,,0.092,,0.262,,0.48,,0.489,,0.784,,2504.259,,2919.452,,3333.482,,4235.557,,2962.196,,3830.512,,3051.995,,90822.44,,130029.1,,176042.1,,1556896,,2203733,,3172703,,4316000,,10.1055,0.0945430931285278,0.0909089475364473
118,59813.49983,,1.263,,5,,6,,7,,21,,25,,30,,35,,30.066,,29.934,,29.809,,29.459,,29.37,,29.136,,28.83,,0.079,,0.084,,0.088,,0.23,,0.272,,0.288,,0.278,,2630.068,,2969.911,,3332.199,,4599.8,,4994.7,,6195.57,,8212.753,,90561.07,,129008.4,,175596.0,,1550321,,2194361,,3158747,,4299232,,10.4712,0.0977813260921205,0.0884401550374212
119,59813.5038,,1.276,,5,,6,,7,,21,,25,,30,,35,,29.942,,29.827,,29.753,,28.626,,28.418,,28.193,,27.972,,0.076,,0.082,,0.09,,0.116,,0.122,,0.131,,0.136,,2955.153,,3286.553,,3517.499,,9937.241,,12030.06,,14806.62,,18135.65,,91837.72,,131229.2,,177339.8,,1572026,,2226276,,3203402,,4358166,,11.8135,0.0962572404866127,0.0807773272075923
120,59813.50777,,1.291,,5,,6,,7,,21,,25,,30,,35,,30.154,,29.986,,29.829,,28.973,,28.845,,28.765,,28.722,,0.079,,0.082,,0.083,,0.137,,0.156,,0.19,,0.234,,2435.552,,2844.853,,3287.352,,7228.551,,8134.904,,8757.623,,9109.226,,94014.38,,134343.0,,182576.2,,1616970,,2288791,,3292807,,4479021,,25.0671,0.10069394165434,0.0971917021736405
121,59813.51174,,1.307,,5,,6,,7,,21,,25,,30,,35,,30.214,,30.072,,29.88,,29.034,,28.893,,28.59,,28.494,,0.085,,0.09,,0.088,,0.147,,0.166,,0.165,,0.193,,2304.546,,2627.651,,3137.036,,6835.407,,7785.43,,10286.25,,11240.7,,97823.68,,140089.9,,189923.7,,1686110,,2388000,,3437529,,4675801,,22.258,0.1124805793605239,0.1081122681122203
122,59813.5157,,1.324,,5,,6,,7,,21,,25,,30,,35,,30.158,,30.012,,29.92,,29.261,,29.199,,29.376,,29.181,,0.08,,0.084,,0.09,,0.179,,0.217,,0.336,,0.359,,2424.945,,2773.588,,3020.164,,5539.813,,5865.833,,4984.751,,5964.611,,99607.09,,142591.0,,193027.1,,1714177,,2427659,,3492134,,4751817,,9.2984,0.1092615061145693,0.0985085290836869
123,59813.51966,,1.342,,5,,6,,7,,21,,25,,30,,35,,29.917,,29.733,,29.604,,28.49,,28.328,,28.155,,27.901,,0.063,,0.064,,0.066,,0.086,,0.095,,0.107,,0.108,,3010.864,,3568.102,,4016.106,,11207.02,,13016.29,,15262.35,,19284.74,,101438.2,,145241.3,,196858.8,,1743530,,2468067,,3550218,,4830299,,30.5244,0.0889294129929117,0.0837310387861553
124,59813.52364,,1.362,,5,,6,,7,,21,,25,,30,,35,,30.098,,29.956,,29.831,,28.841,,28.775,,28.693,,28.635,,0.068,,0.072,,0.075,,0.109,,0.131,,0.16,,0.194,,2559.156,,2914.276,,3271.836,,8143.7,,8652.269,,9327.133,,9842.053,,103844.4,,148723.1,,201303.3,,1789322,,2533386,,3644688,,4957376,,15.313,0.1033867200238086,0.0954970586534648
125,59813.5276,,1.383,,5,,6,,7,,21,,25,,30,,35,,29.982,,29.882,,29.836,,29.433,,29.224,,28.978,,28.757,,0.065,,0.071,,0.079,,0.198,,0.209,,0.22,,0.229,,2854.651,,3130.274,,3265.299,,4734.899,,5739.9,,7196.412,,8820.918,,106693.1,,151805.8,,206868.5,,1830086,,2591002,,3729972,,5075793,,17.3008,0.1068128306072317,0.0877300529301876
126,59813.53156,,1.406,,5,,6,,7,,21,,25,,30,,35,,30.294,,30.028,,29.849,,28.952,,28.572,,28.187,,27.969,,0.1,,0.094,,0.094,,0.15,,0.135,,0.125,,0.13,,2137.311,,2732.182,,3221.304,,7359.966,,10442.98,,14880.04,,18201.37,,104446.5,,149319.0,,203288.4,,1801361,,2551327,,3674446,,5000102,,8.1017,0.1202420862540027,0.1265562550947094
127,59813.53554,,1.431,,5,,6,,7,,21,,25,,30,,35,,29.878,,29.695,,29.581,,28.762,,28.629,,28.534,,28.549,,0.073,,0.074,,0.079,,0.134,,0.152,,0.183,,0.237,,3108.501,,3682.144,,4089.014,,8690.518,,9820.808,,10726.37,,10575.92,,106541.0,,151775.0,,206875.1,,1826705,,2584740,,3718554,,5057209,,9.3922,0.0863456117133295,0.0810916340826549
128,59813.5395,,1.458,,5,,6,,7,,21,,25,,30,,35,,30.028,,29.869,,29.74,,28.734,,28.515,,28.299,,28.251,,0.07,,0.073,,0.076,,0.109,,0.114,,0.123,,0.151,,2722.11,,3151.438,,3547.049,,8964.226,,10962.16,,13377.83,,13980.25,,107308.4,,153349.7,,208428.8,,1847529,,2615917,,3764396,,5119580,,6.5711,0.0986673918422358,0.0922523564391133
129,59814.32338,,1.647,,5,,6,,7,,21,,25,,30,,35,,30.081,,29.978,,29.89,,29.143,,28.861,,28.481,,28.185,,0.072,,0.079,,0.085,,0.155,,0.154,,0.142,,0.139,,2530.635,,2783.064,,3015.347,,6000.079,,7782.575,,11043.54,,14511.94,,98192.82,,140834.9,,190023.2,,1690680,,2396395,,3450002,,4694914,,4.3395,0.1136561150892773,0.096418541004337
130,59814.32811,,1.599,,5,,6,,7,,21,,25,,30,,35,,29.939,,29.864,,29.832,,29.184,,28.87,,28.545,,28.325,,0.061,,0.068,,0.077,,0.155,,0.148,,0.145,,0.151,,2883.856,,3090.182,,3183.478,,5777.27,,7719.082,,10409.42,,12747.62,,96382.68,,137518.2,,186105.0,,1649447,,2336806,,3364356,,4577904,,5.1586,0.1064456518047874,0.0835918077347452
131,59814.33207,,1.562,,5,,6,,7,,21,,25,,30,,35,,29.972,,29.866,,29.843,,28.737,,28.777,,28.739,,28.388,,0.085,,0.093,,0.106,,0.141,,0.187,,0.237,,0.22,,2796.374,,3083.134,,3150.988,,8723.688,,8410.112,,8706.824,,12036.39,,93605.23,,134023.4,,180722.2,,1605840,,2272585,,3269086,,4449684,,5.062,0.1007859083944624,0.0825247790149536
132,59814.33604,,1.528,,5,,6,,7,,21,,25,,30,,35,,30.071,,30.087,,30.08,,29.597,,29.659,,29.222,,28.901,,0.072,,0.088,,0.102,,0.237,,0.322,,0.284,,0.27,,2508.975,,2471.382,,2489.185,,3884.035,,3665.498,,5483.302,,7370.389,,91324.17,,130556.4,,176138.5,,1565910,,2218046,,3194087,,4347404,,5.4583,0.1297236765258204,0.092525840995977
133,59814.34,,1.496,,5,,6,,7,,21,,25,,30,,35,,29.824,,29.78,,29.713,,27.914,,27.841,,27.657,,27.452,,0.051,,0.058,,0.064,,0.045,,0.053,,0.059,,0.062,,3194.035,,3327.509,,3537.541,,18544.83,,19830.45,,23511.51,,28379.86,,91777.36,,130663.4,,176998.8,,1576061,,2226609,,3201296,,4353997,,4.4213,0.0943700649605477,0.0739486211915358
134,59814.34793,,1.439,,5,,6,,7,,21,,25,,30,,35,,30.142,,30.118,,30.089,,29.699,,29.568,,29.289,,28.864,,0.103,,0.121,,0.138,,0.353,,0.401,,0.408,,0.353,,2381.638,,2433.466,,2499.927,,3579.316,,4040.414,,5225.507,,7728.609,,91061.25,,129542.4,,175985.3,,1559290,,2207509,,3178662,,4327800,,3.8006,0.1382438849154989,0.1009900772940737
135,59814.35189,,1.414,,5,,6,,7,,21,,25,,30,,35,,30.055,,30.045,,30.047,,33.506,,32.036,,34.159,,31.167,,0.098,,0.116,,0.137,,12.112,,4.006,,37.293,,3.028,,2587.85,,2612.913,,2609.032,,107.856,,417.6588,,59.07603,,930.1044,,91019.3,,129254.2,,175973.3,,1554593,,2202077,,3170373,,4315984,,4.2403,0.1241143664700804,0.0896747905503979
136,59814.35585,,1.391,,5,,6,,7,,21,,25,,30,,35,,29.929,,29.79,,29.702,,28.82,,28.507,,28.105,,27.912,,0.066,,0.07,,0.075,,0.122,,0.117,,0.106,,0.114,,2911.154,,3307.443,,3585.838,,8085.137,,10779.96,,15615.71,,18644.64,,91738.94,,131367.2,,177234.4,,1571013,,2226468,,3205835,,4360342,,5.399,0.0947875283615379,0.0822599634454206
137,59814.35981,,1.368,,5,,6,,7,,21,,25,,30,,35,,30.018,,29.968,,29.844,,29.209,,28.973,,28.642,,28.414,,0.072,,0.082,,0.086,,0.174,,0.179,,0.174,,0.18,,2713.026,,2841.385,,3185.486,,5717.428,,7106.48,,9632.39,,11886.8,,91095.41,,129943.0,,176381.0,,1560751,,2210646,,3182573,,4330370,,4.9222,0.1029311482372503,0.0861329201644296
138,59814.36377,,1.348,,5,,6,,7,,21,,25,,30,,35,,30.037,,29.924,,29.88,,29.229,,28.822,,28.66,,28.33,,0.072,,0.078,,0.087,,0.174,,0.153,,0.174,,0.164,,2674.229,,2966.335,,3091.103,,5630.197,,8187.321,,9502.138,,12877.39,,90367.17,,128966.0,,174674.0,,1547414,,2192473,,3154812,,4293873,,4.8969,0.1057373130921272,0.0871140414223789
139,59814.36774,,1.33,,5,,6,,7,,21,,25,,30,,35,,30.088,,30.026,,29.96,,28.928,,28.788,,28.55,,28.196,,0.08,,0.091,,0.1,,0.142,,0.159,,0.168,,0.155,,2559.281,,2707.864,,2877.482,,7446.515,,8472.933,,10549.62,,14607.4,,89970.22,,128274.2,,173946.8,,1544162,,2185597,,3145582,,4281622,,4.5909,0.1109933073828007,0.0897400697664931
140,59814.3717,,1.312,,5,,6,,7,,21,,25,,30,,35,,30.106,,30.123,,30.115,,29.494,,29.222,,28.978,,28.806,,0.091,,0.111,,0.129,,0.267,,0.266,,0.28,,0.306,,2501.066,,2462.306,,2481.394,,4395.127,,5650.34,,7071.614,,8285.531,,89468.52,,127897.1,,172541.1,,1534775,,2175183,,3130968,,4259845,,4.2516,0.129999515225428,0.092292931387636
141,59814.37566,,1.296,,5,,6,,7,,21,,25,,30,,35,,29.946,,29.859,,29.816,,29.27,,28.932,,28.681,,28.591,,0.08,,0.089,,0.1,,0.22,,0.207,,0.216,,0.254,,2926.592,,3169.249,,3298.714,,5454.841,,7446.471,,9383.426,,10193.77,,90300.6,,128835.7,,174169.9,,1541651,,2184830,,3144506,,4277000,,4.9395,0.099228920750306,0.0796125144861398
142,59814.37964,,1.281,,5,,6,,7,,21,,25,,30,,35,,29.176,,29.058,,28.875,,28.451,,28.436,,28.212,,27.917,,0.033,,0.035,,0.034,,0.083,,0.104,,0.112,,0.109,,5861.762,,6533.282,,7734.256,,11426.69,,11589.38,,14244.43,,18679.93,,93567.81,,132511.9,,179564.6,,1553466,,2196465,,3160364,,4300889,,3.584,0.0421932788603916,0.0397093641543182
143,59814.3836,,1.268,,5,,6,,7,,21,,25,,30,,35,,29.942,,29.856,,29.807,,29.359,,29.248,,28.593,,28.432,,0.072,,0.08,,0.089,,0.215,,0.249,,0.179,,0.197,,2893.911,,3132.615,,3277.712,,4949.58,,5485.08,,10024.54,,11632.64,,90226.69,,128781.5,,174164.8,,1540969,,2182100,,3144184,,4277566,,4.7462,0.0990477457746831,0.0801091704803303
144,59814.38756,,1.255,,5,,6,,7,,21,,25,,30,,35,,30.09,,29.978,,29.957,,29.835,,29.566,,29.488,,29.344,,0.073,,0.079,,0.091,,0.294,,0.295,,0.361,,0.404,,2541.898,,2817.552,,2873.13,,3216.118,,4116.851,,4424.315,,5051.519,,90181.75,,128728.7,,174229.5,,1543449,,2186777,,3147213,,4282518,,4.3878,0.1109457073600872,0.0903202712964411
145,59814.39152,,1.244,,5,,6,,7,,21,,25,,30,,35,,29.896,,29.835,,29.834,,29.868,,29.926,,29.843,,29.601,,0.054,,0.061,,0.071,,0.265,,0.358,,0.437,,0.447,,2990.624,,3163.582,,3167.659,,3068.724,,2909.002,,3141.676,,3924.139,,89404.64,,127522.9,,172152.9,,1522260,,2156222,,3103675,,4223836,,5.0553,0.0966405515143467,0.0748732093236075
146,59814.39548,,1.233,,5,,6,,7,,21,,25,,30,,35,,30.143,,30.029,,30.013,,31.757,,30.709,,30.408,,30.068,,0.064,,0.069,,0.08,,1.437,,0.702,,0.7,,0.655,,2404.999,,2672.069,,2710.323,,544.099,,1427.335,,1884.31,,2577.47,,88423.39,,125870.4,,170854.7,,1508236,,2136780,,3077471,,4189506,,4.5554,0.1129286821407639,0.0928606190702296
147,59814.39945,,1.224,,5,,6,,7,,21,,25,,30,,35,,30.007,,29.916,,29.888,,29.978,,29.982,,29.553,,29.507,,0.069,,0.076,,0.086,,0.34,,0.437,,0.388,,0.475,,2728.25,,2965.939,,3045.438,,2803.031,,2792.107,,4146.337,,4323.51,,87623.54,,124901.3,,169367.3,,1494988,,2116681,,3048170,,4147857,,5.4547,0.1040015564125873,0.0832420000634067
148,59814.40341,,1.216,,5,,6,,7,,21,,25,,30,,35,,30.031,,29.968,,29.956,,29.299,,28.743,,28.478,,28.216,,0.073,,0.083,,0.096,,0.192,,0.147,,0.152,,0.153,,2669.061,,2828.223,,2858.913,,5238.613,,8740.527,,11157.71,,14202.04,,87314.8,,125123.8,,168355.5,,1495913,,2122361,,3054492,,4156183,,32.3532,0.1073069176918458,0.0835959404030895
149,59814.40737,,1.208,,5,,6,,7,,21,,25,,30,,35,,30.098,,30.014,,29.939,,29.56,,29.305,,29.106,,28.734,,0.078,,0.087,,0.095,,0.245,,0.248,,0.272,,0.247,,2499.959,,2701.917,,2893.738,,4104.278,,5190.176,,6233.198,,8780.424,,86563.19,,123398.0,,167330.9,,1481211,,2098367,,3020149,,4110860,,9.9951,0.1124972292389142,0.0921746030542535
150,59814.41135,,1.202,,5,,6,,7,,21,,25,,30,,35,,29.99,,29.837,,29.724,,29.244,,29.083,,29.224,,28.982,,0.056,,0.059,,0.062,,0.143,,0.158,,0.237,,0.242,,2790.57,,3211.958,,3563.24,,5544.995,,6433.59,,5645.955,,7059.569,,87349.26,,124936.9,,169044.9,,1493091,,2114559,,3041097,,4138529,,7.345,0.0880046723683736,0.0807667141983459
151,59814.41531,,1.196,,5,,6,,7,,21,,25,,30,,35,,30.072,,29.949,,29.875,,29.708,,29.602,,29.706,,29.52,,0.064,,0.069,,0.075,,0.233,,0.271,,0.392,,0.422,,2600.145,,2912.771,,3117.751,,3636.472,,4009.114,,3642.297,,4322.515,,88856.18,,126495.5,,172163.3,,1519971,,2151659,,3096131,,4213465,,5.0105,0.1058152531890185,0.0897890687914129
152,59814.41927,,1.191,,5,,6,,7,,21,,25,,30,,35,,30.183,,30.111,,30.098,,29.742,,29.433,,29.414,,29.018,,0.077,,0.086,,0.099,,0.261,,0.252,,0.326,,0.29,,2377.918,,2541.846,,2572.303,,3568.905,,4745.64,,4830.324,,6954.794,,89423.13,,127747.5,,172810.4,,1534070,,2174077,,3128344,,4257968,,5.2431,0.1274290465078723,0.0979481898771761
153,59814.42323,,1.187,,5,,6,,7,,21,,25,,30,,35,,30.18,,29.985,,29.897,,29.096,,28.857,,28.694,,28.466,,0.08,,0.081,,0.087,,0.151,,0.155,,0.176,,0.182,,2396.562,,2866.513,,3108.985,,6503.474,,8101.654,,9413.621,,11621.2,,89789.75,,128718.6,,174007.9,,1543109,,2186241,,3145753,,4280284,,30.047,0.1050253798419832,0.0971575756708121
154,59814.42721,,1.184,,5,,6,,7,,21,,25,,30,,35,,30.354,,30.3,,30.257,,INDEF,,INDEF,,INDEF,,INDEF,,0.103,,0.118,,0.133,,INDEF,,INDEF,,INDEF,,INDEF,,2035.981,,2139.628,,2226.735,,-16.45483,,-1101.982,,-2837.216,,-2940.524,,89923.57,,128671.9,,174246.1,,1546622,,2190511,,3152769,,4292158,,5.3793,0.1427158754348006,0.1126430984622438
155,59814.43117,,1.181,,5,,6,,7,,21,,25,,30,,35,,30.376,,30.104,,29.992,,29.262,,29.265,,28.994,,28.644,,0.093,,0.087,,0.092,,0.172,,0.22,,0.226,,0.209,,2004.947,,2575.476,,2854.559,,5590.865,,5577.435,,7153.738,,9880.208,,90187.4,,129475.9,,175418.0,,1556436,,2203381,,3171799,,4317322,,6.974,0.1132680203348877,0.1154774714066028
156,59814.43513,,1.18,,5,,6,,7,,21,,25,,30,,35,,29.968,,29.861,,29.818,,29.669,,29.632,,29.279,,28.935,,0.054,,0.059,,0.066,,0.207,,0.256,,0.243,,0.227,,2901.322,,3202.785,,3331.59,,3823.324,,3954.77,,5472.921,,7513.588,,92057.08,,131013.5,,177994.1,,1571130,,2223957,,3202128,,4358689,,6.7141,0.0934147271899743,0.0782178773038147
157,59814.43909,,1.179,,5,,6,,7,,21,,25,,30,,35,,29.574,,29.394,,29.27,,28.641,,28.436,,28.133,,27.892,,0.04,,0.041,,0.042,,0.084,,0.09,,0.089,,0.091,,4158.611,,4911.588,,5503.396,,9827.621,,11863.46,,15685.97,,19586.46,,92872.69,,132232.1,,179245.4,,1568175,,2219293,,3194536,,4346802,,8.4418,0.060305173336041,0.0567274158391316
158,59814.44307,,1.179,,5,,6,,7,,21,,25,,30,,35,,29.777,,29.634,,29.544,,28.876,,28.795,,28.534,,28.213,,0.048,,0.05,,0.054,,0.105,,0.125,,0.129,,0.123,,3476.588,,3965.957,,4310.142,,7969.97,,8591.002,,10922.1,,14674.49,,92630.19,,132170.3,,178718.2,,1575538,,2230496,,3210039,,4368634,,5.6684,0.0760368747031135,0.0673518407886569
159,59814.44703,,1.18,,5,,6,,7,,21,,25,,30,,35,,29.875,,29.834,,29.776,,29.839,,29.52,,29.313,,29.081,,0.054,,0.063,,0.069,,0.266,,0.254,,0.276,,0.285,,3159.626,,3281.458,,3461.121,,3265.26,,4382.197,,5299.38,,6563.904,,93525.8,,133336.0,,180258.0,,1593294,,2257305,,3249168,,4421810,,5.4671,0.0926305856949347,0.073392181451821
160,59814.45099,,1.181,,5,,6,,7,,21,,25,,30,,35,,29.936,,29.788,,29.737,,28.846,,28.641,,28.323,,28.143,,0.071,,0.075,,0.084,,0.134,,0.142,,0.14,,0.152,,2981.977,,3415.193,,3580.808,,8135.944,,9824.613,,13166.4,,15543.24,,93062.65,,132900.4,,180003.8,,1592246,,2254258,,3245268,,4414970,,4.4298,0.0926829298390272,0.0792604544438921
161,59814.45495,,1.184,,5,,6,,7,,21,,25,,30,,35,,29.97,,29.85,,29.733,,29.171,,29.082,,28.954,,28.668,,0.069,,0.074,,0.078,,0.168,,0.198,,0.232,,0.227,,2900.083,,3238.242,,3605.227,,6052.268,,6567.61,,7390.407,,9620.843,,94553.02,,134836.2,,183083.9,,1617026,,2288948,,3293931,,4482990,,7.0881,0.0889536020717189,0.0799928104055036
162,59814.45893,,1.187,,5,,6,,7,,21,,25,,30,,35,,29.838,,29.726,,29.651,,28.866,,28.547,,28.153,,27.842,,0.054,,0.059,,0.064,,0.113,,0.107,,0.098,,0.095,,3286.374,,3643.129,,3903.097,,8041.329,,10791.27,,15517.51,,20659.76,,93787.75,,133408.7,,181016.0,,1596310,,2260483,,3255407,,4431177,,5.1221,0.0909350428907626,0.0749647178515939
163,59814.46289,,1.191,,5,,6,,7,,21,,25,,30,,35,,30.108,,29.962,,29.892,,29.7,,29.526,,29.37,,29.1,,0.063,,0.066,,0.072,,0.218,,0.238,,0.271,,0.27,,2582.043,,2953.519,,3150.188,,3757.799,,4413.543,,5094.396,,6533.753,,94242.2,,134875.0,,182527.0,,1615421,,2288662,,3294406,,4483725,,8.4112,0.1071543049503449,0.0928439028987866
164,59814.46686,,1.196,,5,,6,,7,,21,,25,,30,,35,,30.079,,29.955,,29.88,,29.451,,29.289,,29.142,,28.917,,0.059,,0.063,,0.069,,0.167,,0.185,,0.212,,0.22,,2651.273,,2972.624,,3186.056,,4728.618,,5490.376,,6284.072,,7733.265,,94543.16,,135227.4,,182846.7,,1620428,,2295612,,3303835,,4495585,,15.481,0.1060486139340498,0.0905289679120517
165,59814.47083,,1.202,,5,,6,,7,,21,,25,,30,,35,,29.998,,29.855,,29.773,,28.856,,28.61,,28.293,,27.98,,0.058,,0.061,,0.066,,0.102,,0.105,,0.103,,0.098,,2852.053,,3253.853,,3510.142,,8164.858,,10240.1,,13712.5,,18299.84,,96557.1,,138037.8,,186948.5,,1655562,,2344601,,3375356,,4594021,,36.3572,0.1049593007436895,0.0891067823511849
166,59814.4748,,1.209,,5,,6,,7,,21,,25,,30,,35,,30.053,,29.913,,29.83,,30.518,,31.301,,30.971,,30.766,,0.085,,0.09,,0.098,,0.674,,1.774,,1.725,,1.825,,2702.875,,3076.795,,3320.335,,1760.965,,856.7482,,1160.585,,1402.021,,98311.97,,140705.3,,190516.6,,1684077,,2385216,,3434258,,4673746,,6.5665,0.0993037182255545,0.0880606460281777
167,59814.47876,,1.216,,5,,6,,7,,21,,25,,30,,35,,29.968,,29.815,,29.724,,29.17,,28.86,,28.613,,28.294,,0.069,,0.072,,0.077,,0.168,,0.162,,0.17,,0.162,,2918.353,,3359.488,,3652.028,,6085.608,,8097.715,,10168.48,,13639.65,,99508.6,,142771.3,,192496.9,,1705599,,2417657,,3479660,,4735955,,7.675,0.0933483222698861,0.0834975407210401
168,59814.48272,,1.225,,5,,6,,7,,21,,25,,30,,35,,30.021,,29.906,,29.881,,29.164,,29.117,,28.888,,28.464,,0.078,,0.084,,0.096,,0.181,,0.222,,0.236,,0.204,,2782.757,,3093.155,,3165.554,,6124.137,,6396.193,,7899.32,,11673.72,,101098.8,,144273.9,,195760.3,,1733896,,2453968,,3532469,,4809364,,5.4223,0.1075893836825596,0.0877802587422789
169,59814.4867,,1.234,,5,,6,,7,,21,,25,,30,,35,,30.056,,29.912,,29.811,,29.625,,29.578,,29.613,,29.167,,0.075,,0.079,,0.084,,0.259,,0.317,,0.431,,0.366,,2714.135,,3099.183,,3400.452,,4037.437,,4215.306,,4082.277,,6152.301,,102936.7,,147734.2,,199344.3,,1768633,,2506039,,3605992,,4907877,,8.6614,0.1021536906684504,0.0914712515897571
170,59814.49066,,1.244,,5,,6,,7,,21,,25,,30,,35,,30.063,,29.892,,29.846,,29.794,,29.567,,29.387,,29.502,,0.072,,0.074,,0.083,,0.288,,0.299,,0.334,,0.475,,2685.684,,3144.617,,3280.991,,3441.604,,4239.712,,5004.298,,4502.204,,105708.0,,151011.1,,205047.1,,1813211,,2567808,,3696714,,5029838,,5.4774,0.1054499342817977,0.092627573739791
171,59814.49463,,1.256,,5,,6,,7,,21,,25,,30,,35,,29.969,,29.819,,29.795,,29.316,,29.21,,29.011,,28.749,,0.071,,0.074,,0.085,,0.198,,0.23,,0.252,,0.253,,2938.334,,3373.635,,3447.76,,5361.704,,5908.176,,7094.625,,9033.364,,107036.5,,152650.9,,207192.0,,1832489,,2593857,,3734147,,5082704,,6.3406,0.1029077778024376,0.0861890805101038
172,59814.4986,,1.269,,5,,6,,7,,21,,25,,30,,35,,30.091,,29.948,,29.848,,29.377,,29.476,,29.074,,28.602,,0.061,,0.064,,0.068,,0.16,,0.224,,0.204,,0.168,,2621.704,,2992.284,,3279.001,,5063.149,,4619.016,,6689.662,,10332.16,,107223.5,,153164.9,,208110.0,,1843555,,2609591,,3757737,,5115853,,6.6008,0.1098593470386402,0.0976234399943188
173,59814.50257,,1.282,,5,,6,,7,,21,,25,,30,,35,,30.034,,29.837,,29.757,,29.202,,29.14,,29.107,,28.934,,0.073,,0.073,,0.08,,0.174,,0.211,,0.269,,0.293,,2761.722,,3309.914,,3564.475,,5939.26,,6288.561,,6485.471,,7602.219,,108823.9,,155600.3,,211280.0,,1870865,,2648273,,3810838,,5186007,,7.4304,0.101373237081117,0.0931093414002025
174,59814.50653,,1.297,,5,,6,,7,,21,,25,,30,,35,,30.193,,29.981,,29.87,,29.136,,28.93,,28.514,,28.348,,0.103,,0.102,,0.108,,0.2,,0.211,,0.19,,0.208,,2408.764,,2928.34,,3245.601,,6379.894,,7711.492,,11307.99,,13176.73,,110153.0,,157652.1,,213986.6,,1899820,,2690679,,3874522,,5271187,,26.7162,0.115614559681055,0.1099084673082806
175,59814.51051,,1.314,,5,,6,,7,,21,,25,,30,,35,,30.329,,30.049,,29.84,,30.221,,30.105,,30.399,,30.476,,0.102,,0.095,,0.092,,0.477,,0.549,,0.947,,1.3,,2119.935,,2743.237,,3325.579,,2341.596,,2606.475,,1987.762,,1851.773,,110556.9,,158179.7,,215777.4,,1908711,,2702755,,3889991,,5293876,,8.4539,0.1059190411270574,0.1192810668662158
176,59814.51446,,1.331,,5,,6,,7,,21,,25,,30,,35,,30.236,,30.007,,29.894,,29.87,,30.011,,30.372,,30.4,,0.078,,0.076,,0.08,,0.284,,0.414,,0.759,,0.996,,2316.047,,2859.804,,3174.528,,3243.533,,2847.976,,2042.942,,1990.549,,111707.5,,160632.1,,217041.0,,1927110,,2730146,,3929181,,5347293,,28.2645,0.114407782359587,0.1120634862697478
177,59815.34443,,1.444,,5,,6,,7,,21,,25,,30,,35,,29.922,,29.834,,29.797,,29.664,,29.679,,29.491,,29.512,,0.091,,0.101,,0.115,,0.372,,0.483,,0.534,,0.696,,2979.474,,3232.825,,3343.474,,3781.241,,3730.139,,4434.616,,4350.24,,91957.2,,131231.7,,177310.6,,1568154,,2220921,,3196914,,4349286,,6.1198,0.1018308459650069,0.0802942872680083
178,59815.34839,,1.419,,5,,6,,7,,21,,25,,30,,35,,29.994,,29.841,,29.801,,28.82,,28.532,,28.054,,27.88,,0.08,,0.083,,0.094,,0.139,,0.137,,0.116,,0.126,,2770.569,,3191.078,,3309.573,,8175.535,,10657.49,,16552.92,,19415.11,,90980.31,,130445.9,,175723.0,,1561416,,2212939,,3187355,,4334927,,5.2024,0.0979567163972948,0.083799822503149
179,59815.35236,,1.395,,5,,6,,7,,21,,25,,30,,35,,29.893,,29.835,,29.787,,29.038,,28.752,,28.442,,28.272,,0.069,,0.078,,0.087,,0.159,,0.157,,0.155,,0.169,,3061.944,,3230.437,,3373.946,,6729.871,,8755.69,,11654.32,,13627.68,,91521.29,,129871.9,,176216.1,,1556514,,2203621,,3173059,,4317463,,5.9387,0.1003984199138751,0.0777915683829756
180,59815.35633,,1.372,,5,,6,,7,,21,,25,,30,,35,,29.951,,29.885,,29.783,,28.923,,28.666,,28.384,,28.142,,0.062,,0.07,,0.075,,0.123,,0.124,,0.126,,0.129,,2906.873,,3088.493,,3394.867,,7495.229,,9497.883,,12311.25,,15388.04,,90197.83,,128468.0,,174345.6,,1542401,,2184047,,3143604,,4277615,,5.7919,0.1019312460765179,0.0827974449438512
181,59815.36029,,1.352,,5,,6,,7,,21,,25,,30,,35,,29.835,,29.711,,29.641,,28.81,,28.623,,28.367,,28.017,,0.063,,0.068,,0.074,,0.126,,0.136,,0.141,,0.131,,3256.627,,3649.265,,3893.099,,8372.546,,9941.334,,12583.12,,17370.88,,90864.07,,129299.3,,175478.9,,1548666,,2191682,,3154098,,4293402,,10.124,0.0865620601416235,0.0728556049353265
182,59815.36426,,1.333,,5,,6,,7,,21,,25,,30,,35,,29.96,,29.848,,29.785,,29.24,,29.085,,28.907,,28.751,,0.059,,0.064,,0.071,,0.155,,0.172,,0.193,,0.214,,2895.283,,3209.367,,3400.028,,5615.499,,6480.546,,7634.647,,8809.582,,91060.41,,129967.3,,175910.8,,1555547,,2202710,,3170322,,4313669,,4.6245,0.0979292310385094,0.0814563235120966
183,59815.36822,,1.315,,5,,6,,7,,21,,25,,30,,35,,30.11,,29.98,,29.904,,29.705,,29.33,,29.223,,28.84,,0.059,,0.063,,0.068,,0.205,,0.186,,0.222,,0.2,,2521.761,,2841.016,,3048.743,,3660.917,,5168.904,,5703.949,,8117.12,,91912.93,,131148.6,,178128.7,,1575275,,2231541,,3211772,,4372111,,4.8666,0.1112076703850865,0.0948271064360732
184,59815.37218,,1.299,,5,,6,,7,,21,,25,,30,,35,,30.006,,29.975,,29.929,,29.28,,28.998,,28.729,,28.437,,0.061,,0.071,,0.079,,0.158,,0.156,,0.16,,0.157,,2773.65,,2854.153,,2976.796,,5415.129,,7021.385,,8991.947,,11764.47,,91889.72,,130782.9,,177480.4,,1570875,,2224428,,3202289,,4358638,,7.5181,0.1156143318341419,0.0866584269296437
185,59815.37614,,1.284,,5,,6,,7,,21,,25,,30,,35,,30.07,,29.997,,29.955,,29.142,,28.718,,28.572,,28.395,,0.08,,0.089,,0.101,,0.174,,0.151,,0.174,,0.189,,2626.324,,2810.187,,2921.333,,6178.882,,9129.282,,10439.03,,12287.56,,93273.68,,132990.4,,180538.2,,1599557,,2266487,,3261011,,4436896,,7.118,0.1100442368680039,0.0884360432780368
186,59815.38011,,1.27,,5,,6,,7,,21,,25,,30,,35,,29.984,,29.903,,29.85,,28.826,,28.633,,28.432,,28.167,,0.067,,0.075,,0.083,,0.118,,0.126,,0.138,,0.138,,2828.396,,3047.057,,3200.819,,8216.781,,9820.294,,11811.89,,15080.49,,94803.39,,135178.5,,183049.9,,1624581,,2300443,,3310013,,4504064,,7.0376,0.1090740792375261,0.0864298479241389
187,59815.38407,,1.258,,5,,6,,7,,21,,25,,30,,35,,30.102,,29.98,,29.93,,29.29,,29.042,,28.929,,28.663,,0.062,,0.067,,0.074,,0.15,,0.153,,0.181,,0.181,,2533.68,,2835.966,,2969.088,,5354.138,,6730.241,,7466.547,,9542.639,,94148.24,,134799.6,,182186.8,,1617201,,2291643,,3297272,,4486861,,5.2977,0.1161589874995793,0.0957951259641836
188,59815.38803,,1.246,,5,,6,,7,,21,,25,,30,,35,,29.887,,29.824,,29.774,,28.742,,28.559,,28.389,,28.169,,0.05,,0.057,,0.063,,0.088,,0.095,,0.107,,0.112,,3092.701,,3277.212,,3431.934,,8876.112,,10510.24,,12291.2,,15046.13,,94980.68,,135263.5,,183442.0,,1624150,,2298789,,3307432,,4500288,,5.4642,0.0972866445482621,0.076976641237134
189,59815.39201,,1.235,,5,,6,,7,,21,,25,,30,,35,,30.229,,30.083,,29.986,,29.643,,29.494,,29.347,,29.455,,0.07,,0.074,,0.079,,0.208,,0.233,,0.268,,0.378,,2258.005,,2581.771,,2822.65,,3871.598,,4440.815,,5083.962,,4605.397,,93720.34,,134503.2,,181640.9,,1613704,,2286833,,3291164,,4476503,,13.3225,0.1084046090873159,0.0996310835977696
190,59815.39597,,1.226,,5,,6,,7,,21,,25,,30,,35,,29.994,,29.765,,29.624,,29.035,,28.736,,28.388,,27.99,,0.065,,0.063,,0.065,,0.136,,0.132,,0.127,,0.112,,2809.001,,3470.472,,3950.467,,6797.61,,8956.081,,12333.32,,17799.8,,95947.37,,137354.8,,186334.7,,1644595,,2329343,,3353846,,4566343,,7.7989,0.0903855119553195,0.0891610684458537
191,59815.39993,,1.217,,5,,6,,7,,21,,25,,30,,35,,30.024,,29.996,,29.91,,29.471,,29.551,,29.053,,28.868,,0.078,,0.091,,0.099,,0.24,,0.331,,0.276,,0.297,,2717.959,,2790.573,,3019.953,,4522.478,,4200.847,,6650.3,,7885.355,,97549.51,,138916.4,,188595.1,,1670930,,2365434,,3406645,,4635462,,5.9297,0.1119358941742729,0.0888379976503028
192,59815.40389,,1.209,,5,,6,,7,,21,,25,,30,,35,,29.951,,29.83,,29.739,,29.005,,28.805,,28.559,,28.286,,0.056,,0.06,,0.064,,0.118,,0.126,,0.132,,0.131,,2904.829,,3248.516,,3530.194,,6942.263,,8346.112,,10473.86,,13464.99,,96795.13,,138675.9,,187072.4,,1659386,,2351081,,3383551,,4603935,,7.1089,0.0938857470737092,0.0819835500733701
193,59815.40785,,1.203,,5,,6,,7,,21,,25,,30,,35,,29.606,,29.552,,29.473,,29.152,,29.158,,29.101,,29.21,,0.042,,0.048,,0.052,,0.138,,0.178,,0.222,,0.314,,3991.091,,4196.709,,4510.592,,6062.696,,6030.742,,6355.945,,5748.735,,97311.73,,138316.3,,187285.7,,1647092,,2331046,,3354528,,4563225,,14.3233,0.0746440864833413,0.0601420397372475
194,59815.41182,,1.197,,5,,6,,7,,21,,25,,30,,35,,29.876,,29.789,,29.731,,29.005,,28.922,,28.789,,28.546,,0.052,,0.057,,0.063,,0.117,,0.139,,0.162,,0.166,,3116.488,,3374.397,,3559.951,,6949.283,,7501.455,,8480.003,,10608.12,,96826.91,,138223.1,,187015.1,,1655541,,2344053,,3372741,,4589297,,7.7272,0.0934201447771886,0.076543097136712
195,59815.41579,,1.192,,5,,6,,7,,21,,25,,30,,35,,30.054,,30.001,,29.983,,30.185,,30.181,,29.535,,29.502,,0.076,,0.087,,0.1,,0.44,,0.561,,0.408,,0.506,,2630.736,,2762.109,,2807.142,,2330.52,,2339.823,,4243.312,,4371.292,,96631.03,,138087.5,,186671.3,,1655737,,2346007,,3378721,,4596933,,5.3995,0.115100841795515,0.0893477951360612
196,59815.41975,,1.188,,5,,6,,7,,21,,25,,30,,35,,30.038,,29.97,,29.875,,29.181,,28.95,,28.604,,28.389,,0.09,,0.102,,0.11,,0.211,,0.219,,0.209,,0.219,,2685.168,,2858.477,,3120.409,,5914.768,,7318.296,,10059.17,,12271.3,,97671.07,,139428.4,,188965.2,,1675774,,2373537,,3417477,,4650223,,5.0671,0.1058670756204515,0.0887277139937512
197,59815.42371,,1.184,,5,,6,,7,,21,,25,,30,,35,,30.091,,30.09,,30.009,,30.573,,31.324,,INDEF,,INDEF,,0.092,,0.111,,0.121,,0.742,,1.897,,INDEF,,INDEF,,2534.086,,2537.082,,2734.655,,1625.664,,814.2194,,-54.50288,,-1001.368,,96522.32,,138179.4,,186505.8,,1656933,,2347743,,3378807,,4597538,,4.4114,0.1238645830119697,0.0952204025075275
198,59815.42767,,1.182,,5,,6,,7,,21,,25,,30,,35,,30.089,,29.958,,29.88,,29.114,,28.912,,28.568,,28.272,,0.069,,0.074,,0.08,,0.144,,0.153,,0.147,,0.143,,2562.942,,2890.643,,3106.9,,6290.383,,7577.387,,10402.17,,13661.02,,95971.19,,136693.5,,185725.1,,1643782,,2326770,,3350751,,4561021,,12.5523,0.1121751307714924,0.0957661595999724
199,59815.43164,,1.18,,5,,6,,7,,21,,25,,30,,35,,30.192,,30.027,,29.928,,29.748,,29.703,,29.46,,29.158,,0.079,,0.082,,0.087,,0.269,,0.33,,0.348,,0.336,,2323.622,,2704.809,,2964.066,,3497.436,,3646.829,,4560.644,,6025.153,,94614.99,,135821.2,,183369.8,,1627729,,2306567,,3320101,,4517903,,13.0403,0.1136241271039111,0.1032298300854189
200,59815.4356,,1.179,,5,,6,,7,,21,,25,,30,,35,,30.029,,29.939,,29.974,,29.347,,28.996,,28.92,,28.622,,0.092,,0.102,,0.124,,0.254,,0.235,,0.289,,0.281,,2714.786,,2951.504,,2855.97,,5090.034,,7032.431,,7543.416,,9920.883,,97406.81,,139573.4,,188015.8,,1671241,,2369230,,3408956,,4639317,,5.1674,0.1205634546545994,0.0898117780470016
201,59815.43978,,1.179,,5,,6,,7,,21,,25,,30,,35,,30.117,,30.01,,29.963,,29.194,,28.846,,28.464,,28.122,,0.103,,0.112,,0.126,,0.227,,0.211,,0.195,,0.182,,2494.913,,2753.774,,2876.419,,5838.732,,8041.538,,11439.62,,15669.82,,98305.72,,140614.4,,190302.8,,1691469,,2396407,,3450351,,4696349,,14.9498,0.1238179808670973,0.1000137927300151
202,59815.44374,,1.18,,5,,6,,7,,21,,25,,30,,35,,30.064,,29.963,,29.915,,29.505,,29.545,,29.49,,29.322,,0.091,,0.1,,0.112,,0.279,,0.371,,0.464,,0.508,,2635.9,,2893.308,,3025.482,,4412.664,,4253.439,,4476.28,,5223.163,,100747.8,,143407.5,,194802.9,,1724010,,2439725,,3512338,,4780627,,8.7318,0.1097790872251299,0.0913109957561711
203,59815.44772,,1.181,,5,,6,,7,,21,,25,,30,,35,,29.897,,29.744,,29.633,,28.821,,28.53,,28.15,,27.952,,0.064,,0.067,,0.071,,0.122,,0.12,,0.111,,0.118,,3049.573,,3511.114,,3890.437,,8214.629,,10745.39,,15249.18,,18293.66,,102013.5,,145955.2,,197538.0,,1749140,,2477942,,3567687,,4853368,,9.0661,0.0948815369244361,0.0844664641972689
204,59815.45168,,1.184,,5,,6,,7,,21,,25,,30,,35,,29.977,,29.809,,29.729,,28.713,,28.485,,28.128,,27.942,,0.073,,0.075,,0.081,,0.116,,0.121,,0.114,,0.123,,2846.172,,3324.174,,3577.131,,9117.897,,11246.49,,15625.38,,18546.75,,103538.2,,148674.9,,200462.8,,1782286,,2525273,,3635101,,4944167,,10.4678,0.10481979606755,0.0916535116311018
205,59815.45565,,1.187,,5,,6,,7,,21,,25,,30,,35,,30.071,,29.912,,29.901,,28.878,,28.721,,28.485,,28.314,,0.094,,0.098,,0.114,,0.162,,0.18,,0.19,,0.208,,2624.295,,3038.586,,3070.751,,7873.987,,9102.169,,11310.53,,13236.24,,104657.0,,149746.2,,202788.6,,1801755,,2550998,,3671830,,4995821,,11.497,0.1167212225482728,0.096696543113536
206,59815.45961,,1.191,,5,,6,,7,,21,,25,,30,,35,,30.016,,29.965,,29.885,,29.189,,29.221,,29,,28.743,,0.101,,0.116,,0.127,,0.244,,0.321,,0.345,,0.348,,2748.578,,2880.043,,3101.209,,5889.933,,5717.878,,7006.006,,8881.747,,105342.9,,149798.6,,204215.6,,1809207,,2559850,,3684835,,5014711,,6.0316,0.1171342841914117,0.0930558356963541
207,59815.46358,,1.196,,5,,6,,7,,21,,25,,30,,35,,30.249,,30.179,,30.086,,30.306,,29.918,,29.642,,29.315,,0.091,,0.103,,0.111,,0.493,,0.442,,0.451,,0.427,,2210.446,,2356.653,,2567.085,,2096.57,,2996.648,,3865.986,,5224.26,,103680.9,,148344.3,,201299.5,,1787408,,2533135,,3646940,,4963431,,10.212,0.1406924206919614,0.1151525910560816
208,59815.46755,,1.201,,5,,6,,7,,21,,25,,30,,35,,30.207,,30.197,,30.148,,29.852,,29.705,,29.511,,29.393,,0.08,,0.095,,0.106,,0.294,,0.329,,0.362,,0.416,,2303.05,,2323.704,,2432.301,,3194.019,,3657.819,,4372.678,,4872.808,,101638.4,,144964.7,,197000.8,,1749352,,2477739,,3566946,,4853917,,4.4486,0.1356786105156685,0.1045314793793985
209,59815.47151,,1.208,,5,,6,,7,,21,,25,,30,,35,,30.217,,30.103,,29.951,,28.809,,28.564,,28.352,,28.286,,0.078,,0.084,,0.085,,0.109,,0.111,,0.12,,0.145,,2304.229,,2561.156,,2945.938,,8431.262,,10564.58,,12845.97,,13652.72,,101513.5,,145190.5,,197185.1,,1752876,,2482241,,3572298,,4858699,,30.2621,0.1210718414599623,0.1093725852360653
210,59815.47547,,1.215,,5,,6,,7,,21,,25,,30,,35,,30.153,,30.076,,30.047,,29.328,,29.091,,28.803,,28.699,,0.083,,0.093,,0.106,,0.199,,0.205,,0.208,,0.241,,2428.702,,2608.135,,2679.921,,5194.124,,6462.407,,8420.812,,9274.166,,102527.1,,146610.2,,198820.1,,1766620,,2502578,,3602598,,4900994,,9.0888,0.1357717645097661,0.1048010185097692
211,59815.47943,,1.224,,5,,6,,7,,21,,25,,30,,35,,30.19,,30.083,,30.101,,29.64,,29.415,,28.971,,28.815,,0.088,,0.096,,0.114,,0.273,,0.284,,0.248,,0.275,,2333.051,,2574.583,,2533.501,,3870.744,,4763.995,,7172.389,,8279.575,,102793.1,,146781.3,,199191.1,,1769358,,2506384,,3609347,,4911086,,6.6309,0.1375508592674573,0.106603495566827
212,59815.48339,,1.233,,5,,6,,7,,21,,25,,30,,35,,30.251,,30.127,,30.09,,29.016,,28.891,,28.692,,28.509,,0.08,,0.086,,0.097,,0.132,,0.15,,0.165,,0.178,,2239.824,,2510.441,,2599.15,,6990.243,,7843.381,,9416.945,,11149.56,,104994.2,,150776.1,,203471.9,,1816514,,2573452,,3703129,,5038403,,5.5338,0.1385576561029658,0.1138081634512078
213,59815.48737,,1.243,,5,,6,,7,,21,,25,,30,,35,,30.46,,30.323,,30.23,,29.034,,28.804,,28.581,,28.566,,0.091,,0.096,,0.103,,0.125,,0.13,,0.139,,0.175,,1857.629,,2108.05,,2297.115,,6911.314,,8541.003,,10489.19,,10634.13,,108745.8,,155657.4,,211637.9,,1886455,,2671393,,3844950,,5229879,,20.578,0.1490215098119288,0.1338754580854351
214,59815.49133,,1.255,,5,,6,,7,,21,,25,,30,,35,,30.245,,30.084,,29.991,,28.927,,28.656,,28.382,,28.094,,0.076,,0.079,,0.084,,0.115,,0.115,,0.118,,0.115,,2247.299,,2604.772,,2837.971,,7560.166,,9707.171,,12492.64,,16285.75,,112421.5,,161429.1,,218251.8,,1946197,,2758204,,3969727,,5401473,,8.3356,0.1378817160889388,0.1212660126545693
215,59815.49529,,1.267,,5,,6,,7,,21,,25,,30,,35,,30.156,,30.023,,29.928,,29.069,,28.786,,28.521,,28.346,,0.071,,0.075,,0.08,,0.132,,0.131,,0.135,,0.146,,2425.585,,2740.537,,2992.984,,6602.356,,8564.187,,10931.61,,12849.53,,114575.7,,164313.1,,222367.8,,1979835,,2805768,,4038366,,5494047,,7.8004,0.1180510089537601,0.1055794668315906
216,59815.49927,,1.281,,5,,6,,7,,21,,25,,30,,35,,30.378,,30.107,,29.945,,29.664,,29.781,,29.217,,28.942,,0.104,,0.098,,0.099,,0.279,,0.398,,0.312,,0.309,,1972.61,,2531.458,,2939.665,,3808.686,,3420.004,,5749.572,,7408.227,,114081.4,,163681.9,,222364.3,,1975026,,2797176,,4028336,,5482161,,10.7929,0.1206714331681425,0.1295582964762719
217,59815.50323,,1.296,,5,,6,,7,,21,,25,,30,,35,,29.982,,29.85,,29.788,,29.245,,29.174,,29.054,,28.821,,0.083,,0.088,,0.098,,0.216,,0.259,,0.305,,0.315,,2854.176,,3222.719,,3414.176,,5629.314,,6008.04,,6708.793,,8316.657,,116911.5,,167632.5,,226454.5,,2012174,,2850382,,4102336,,5582438,,8.8574,0.1082544815369089,0.0926322068838469
218,59815.5072,,1.311,,5,,6,,7,,21,,25,,30,,35,,30.355,,30.239,,30.046,,29.395,,29.248,,29.131,,29.037,,0.128,,0.139,,0.136,,0.274,,0.306,,0.362,,0.424,,2031.002,,2259.787,,2697.984,,4914.148,,5626.33,,6270.663,,6832.3,,117903.8,,169169.6,,229329.4,,2042332,,2893782,,4165113,,5667261,,6.4906,0.1388722553570716,0.13170676860169
219,59815.51116,,1.329,,5,,6,,7,,21,,25,,30,,35,,30.129,,30.023,,29.971,,28.898,,28.703,,28.598,,28.472,,0.074,,0.08,,0.09,,0.121,,0.13,,0.155,,0.177,,2477.428,,2731.253,,2864.472,,7700.139,,9215.476,,10149.99,,11393.18,,121669.2,,173478.7,,235906.3,,2097361,,2968816,,4272827,,5814389,,6.3022,0.1291729472876784,0.1077499873124195
220,59815.51512,,1.348,,5,,6,,7,,21,,25,,30,,35,,30.185,,30.086,,30.001,,29.509,,29.432,,28.677,,28.357,,0.084,,0.092,,0.1,,0.232,,0.277,,0.182,,0.173,,2347.555,,2573.447,,2781.426,,4375.053,,4696.246,,9420.836,,12641.62,,119203.9,,171148.1,,231236.2,,2061251,,2920930,,4208005,,5726284,,5.4046,0.1359280363682264,0.1147386726156286
221,59815.51908,,1.368,,5,,6,,7,,21,,25,,30,,35,,30.048,,29.861,,29.708,,29.094,,28.811,,28.429,,28.171,,0.077,,0.078,,0.079,,0.164,,0.162,,0.15,,0.151,,2655.062,,3154.05,,3629.633,,6392.757,,8291.066,,11789.18,,14957.33,,120535.8,,173202.6,,234103.8,,2081333,,2950119,,4247263,,5778832,,8.7373,0.1047683261601225,0.1020863280771852
222,59815.52305,,1.389,,5,,6,,7,,21,,25,,30,,35,,30.025,,29.878,,29.759,,28.53,,28.301,,27.938,,27.613,,0.067,,0.07,,0.074,,0.086,,0.089,,0.084,,0.08,,2668.929,,3055.448,,3409.567,,10580.25,,13062.34,,18245.79,,24614.63,,119093.7,,170652.9,,231247.2,,2058666,,2915600,,4197552,,5712939,,5.6657,0.118620549547988,0.1053565196531629
223,59815.52702,,1.413,,5,,6,,7,,21,,25,,30,,35,,29.791,,29.708,,29.655,,28.973,,28.841,,28.49,,28.167,,0.056,,0.063,,0.07,,0.135,,0.153,,0.146,,0.139,,3300.743,,3564.058,,3741.525,,7010.483,,7920.354,,10943.87,,14733.44,,119881.1,,171868.4,,231670.8,,2058643,,2916823,,4199375,,5715527,,5.0696,0.1059840373007916,0.0838081751413653
224,59815.53148,,1.441,,5,,6,,7,,21,,25,,30,,35,,29.896,,29.767,,29.721,,28.952,,28.894,,28.731,,28.333,,0.063,,0.067,,0.075,,0.134,,0.162,,0.184,,0.163,,2961.362,,3335.337,,3478.788,,7064.0,,7452.6,,8662.464,,12492.26,,119668.4,,170888.5,,232025.2,,2058346,,2913911,,4193841,,5708918,,7.2664,0.1075886057014505,0.0903322988570737
