FRAME,OTIME,AREA5,AREA6,AREA7,AREA21,AREA25,AREA30,AREA35,MSKY,FLUX5,FLUX6,FLUX7,FLUX21,FLUX25,FLUX30,FLUX35
1,59811.38429,79.10087,113.2382,154.5491,1385.751,1962.568,2826.802,3848.325,1046.09,3156.242,3699.067,4030.893,7046.726,6586.034,8441.543,11637.35
2,59811.38826,78.80042,113.3023,154.2463,1385.764,1964.01,2827.88,3848.727,1041.172,3454.412,3729.473,4014.335,4939.07,4833.817,5677.154,6292.701
3,59811.39248,78.79637,113.3046,154.2983,1385.717,1963.407,2827.437,3848.607,1048.009,3169.028,3581.163,3872.16,3938.857,2887.059,2070.416,658.2463
4,59811.39644,78.84248,113.0702,154.4384,1386.036,1963.301,2827.069,3848.114,1047.096,3158.597,3299.511,3453.216,7186.523,5548.116,6068.536,7898.117
5,59811.40118,78.79991,113.4801,154.0967,1385.525,1963.987,2827.982,3848.978,1039.966,3771.122,3878.482,3845.96,5044.821,4441.305,6059.639,8692.555
6,59811.40538,78.75081,113.5333,153.9616,1385.58,1964.188,2828.18,3849.04,1045.242,3146.898,3264.989,3203.868,2520.662,1739.361,854.6984,1740.503
7,59811.40934,78.8516,113.2561,154.2528,1385.746,1963.917,2827.756,3848.644,1037.77,3996.508,4298.194,4642.21,5188.752,5466.102,5716.472,7694.075
8,59811.41331,78.86143,113.2592,154.458,1385.916,1963.244,2827.173,3848.332,1042.386,3706.427,3900.467,3984.941,2158.454,1356.01,434.2994,1337.261
9,59811.41727,78.83373,113.2375,154.4654,1385.858,1963.374,2827.229,3848.374,1057.003,3794.873,4042.316,4116.035,5003.106,3973.088,4850.039,4270.003
10,59811.42123,78.67781,113.5463,153.7771,1385.464,1964.417,2828.306,3849.338,1060.781,3512.819,3894.598,4181.982,5659.492,7343.126,8272.883,10117.3
11,59811.42519,78.83737,113.0757,154.4158,1386.086,1963.347,2827.036,3848.042,1076.825,3580.767,4074.813,4448.81,5614.772,6133.001,7028.653,8114.705
12,59811.42915,78.80814,113.3139,154.1685,1386.028,1963.696,2827.505,3848.448,1099.564,3642.714,3800.465,3753.502,3071.842,2763.283,927.8867,479.4124
13,59811.43311,78.83143,113.2085,154.4041,1385.834,1963.607,2827.509,3848.481,1121.312,3570.488,4016.234,4485.545,6899.354,8042.1,7197.414,6896.221
14,59811.43707,78.75424,113.4464,154.0594,1385.628,1964.27,2828.124,3848.947,1137.562,3667.03,3948.166,3975.312,7328.183,8582.304,8992.707,9971.852
15,59811.44103,78.77171,113.3939,154.1501,1385.732,1963.849,2827.699,3848.68,1166.658,3295.975,3691.54,4172.627,5698.635,6634.557,7184.467,7018.9
16,59811.44499,78.80335,113.2661,154.3391,1385.774,1963.408,2827.408,3848.575,1186.527,3791.375,4464.197,4748.447,8509.827,9322.072,11569.22,13952.18
17,59811.449,78.84417,113.2306,154.3262,1385.79,1963.789,2827.674,3848.579,1200.895,3280.305,3579.455,3945.491,5205.721,6508.689,10601.06,11898.37
18,59811.45297,78.82837,113.4351,154.2398,1385.543,1963.53,2827.718,3848.811,1206.674,3751.497,4065.52,4246.772,7130.539,7140.586,6974.061,7332.202
19,59811.45693,78.69276,113.5965,153.8359,1385.51,1964.368,2828.333,3849.171,1228.513,3723.739,4186.269,4506.025,8496.7,8783.328,11453.33,14436.45
20,59811.46089,78.73097,113.5283,153.9342,1385.58,1964.417,2828.311,3848.991,1244.698,3270.466,3770.789,4086.788,7639.913,8041.715,9895.856,11502.54
21,59811.46485,78.73057,113.5422,153.9159,1385.574,1964.393,2828.302,3849.027,1268.217,3621.189,3867.612,4004.475,5788.448,5983.678,7681.475,9116.469
22,59811.46882,78.78175,113.2436,154.3954,1385.812,1963.662,2827.581,3848.506,1283.492,3735.937,4072.595,4342.024,4254.342,2803.667,1615.934,308.9936
23,59811.47279,78.96666,113.2261,154.5386,1385.832,1962.943,2826.934,3848.359,1300.774,3774.333,4303.595,4680.282,9025.768,10682.53,14497.06,14980.53
24,59811.47675,78.73108,113.5378,153.9317,1385.595,1964.488,2828.33,3848.949,1339.192,4201.462,4347.24,4471.058,6790.653,6228.927,6496.694,4249.138
25,59811.48071,78.80698,113.4249,154.1486,1385.615,1963.919,2827.863,3848.847,1368.845,4118.947,4781.581,5224.125,9353.792,11809.08,12110.09,12443.06
26,59811.48467,78.86523,113.261,154.4609,1385.919,1963.216,2827.146,3848.32,1394.29,3460.171,3925.858,4198.01,10656.45,13723.94,15674.76,16906.6
27,59811.48864,78.81185,113.405,154.2239,1385.488,1963.619,2827.707,3848.888,1417.631,3090.581,3488.802,3787.639,6829.348,7685.825,8042.043,7296.666
28,59811.4926,78.82858,113.5154,154.1459,1385.478,1963.618,2827.782,3848.907,1457.526,3378.367,3754.019,4215.458,6236.341,7172.838,8367.8,9726.681
29,59811.49658,78.67075,113.6203,153.779,1385.425,1964.371,2828.368,3849.309,1493.126,3890.554,4365.298,4563.521,9166.94,11226.83,12991.86,14159.25
30,59811.50054,78.8168,113.2991,154.2265,1385.719,1964.053,2827.886,3848.738,1523.548,3532.535,3742.789,3742.858,7382.828,7678.38,8517.27,9759.482
31,59811.5045,78.83542,113.4851,154.1698,1385.531,1963.598,2827.702,3848.861,1554.99,3638.433,4141.198,4406.164,8048.811,8841.271,8285.844,9460.997
32,59811.50846,78.67857,113.5425,153.7784,1385.461,1964.411,2828.308,3849.344,1586.409,2881.463,3239.036,3640.074,8128.265,8263.077,9574.715,11252.92
33,59811.51242,78.8155,113.3233,154.2455,1385.66,1963.492,2827.539,3848.707,1600.823,3227.231,3442.134,3685.748,7919.166,9872.183,11249.85,15450.26
34,59811.51639,78.67879,113.5513,153.7776,1385.452,1964.394,2828.324,3849.349,1587.804,4139.421,4608.569,4987.598,10256.31,10860.29,13356.27,13166.64
35,59811.52035,78.79852,113.4035,154.2107,1385.49,1963.668,2827.701,3848.901,1600.308,3177.386,3387.762,3533.207,8484.448,9364.474,9743.178,11037.94
36,59811.52432,78.67219,113.626,153.8065,1385.447,1964.345,2828.358,3849.241,1589.599,4795.939,5005.568,4831.311,6612.062,7242.045,9430.437,10151.18
37,59811.52829,78.82912,113.1574,154.3877,1385.923,1963.309,2827.19,3848.384,1591.125,2790.824,3148.578,3439.249,3940.926,5462.926,5487.704,4453.979
38,59812.34105,78.80095,113.4685,154.1262,1385.502,1963.938,2827.934,3848.978,1023.516,3487.615,3442.949,3784.244,8592.143,8614.218,9357.467,10128.08
39,59812.34502,78.78589,113.4981,154.074,1385.516,1964.019,2828.025,3849.004,1005.666,3483.293,3651.548,3800.389,7961.083,8012.201,8168.576,7906.624
40,59812.34898,78.81417,113.5379,154.1145,1385.416,1963.722,2827.907,3849.035,995.2695,2911.018,3197.315,3210.046,8162.11,8222.371,8306.756,8121.664
41,59812.35294,78.81734,113.3721,154.2884,1385.631,1963.454,2827.534,3848.7,1000.975,3145.011,3150.948,2938.678,7986.396,7457.369,7958.515,6749.669
42,59812.3569,78.77334,113.3586,154.1664,1385.83,1963.77,2827.593,3848.63,998.079,3185.171,3307.359,3486.536,7926.631,7144.008,7830.922,9864.744
43,59812.36087,78.70763,113.612,153.8881,1385.413,1964.249,2828.305,3849.236,1000.424,3066.318,3308.816,3550.378,5432.389,5553.287,4227.127,4780.692
44,59812.36483,78.92138,113.2311,154.5237,1385.882,1963.021,2826.981,3848.32,991.4916,3399.948,3735.429,3979.425,9707.516,10259.65,10307.03,10527.14
45,59812.36879,78.81305,113.5474,154.1036,1385.426,1963.718,2827.894,3848.979,996.2469,2986.541,3099.17,3186.583,6652.742,6506.554,6911.387,8272.843
46,59812.3728,79.07039,113.2358,154.547,1385.76,1962.647,2826.856,3848.328,993.2051,3449.466,3551.653,3679.176,8003.041,8914.627,9275.016,11183.22
47,59812.37677,78.7095,113.5855,153.8598,1385.502,1964.343,2828.314,3849.152,985.4624,3177.374,3374.789,3772.299,8766.328,9317.028,10423.66,10479.94
48,59812.38073,78.82435,113.3245,154.2325,1385.698,1963.485,2827.536,3848.679,987.7515,3369.552,4185.924,4682.563,9234.164,9180.254,10341.33,8676.186
49,59812.38469,78.81057,113.4946,154.1031,1385.335,1963.854,2827.978,3849.108,996.3978,3670.447,4090.095,4233.27,9154.66,10050.46,9354.346,8718.839
50,59812.40664,78.81429,113.4308,154.1836,1385.404,1963.725,2827.809,3848.971,953.3304,3009.988,3200.624,3387.533,3600.974,5821.065,6813.757,8050.765
51,59812.41065,78.77043,113.4844,154.0087,1385.621,1964.131,2828.104,3848.973,963.4244,3491.451,3574.366,3669.883,4751.782,6839.971,9706.226,10307.01
52,59812.41461,78.70096,113.6394,153.8723,1385.376,1964.272,2828.302,3849.325,973.5845,3057.625,3132.835,3207.644,4176.425,4645.643,8073.257,8201.556
53,59812.41857,78.76814,113.4176,154.1097,1385.677,1964.247,2828.058,3848.86,979.342,3641.131,3846.903,4090.136,4721.607,4228.293,7469.039,7976.875
54,59812.42253,78.79443,113.3493,154.18,1385.78,1963.693,2827.571,3848.656,978.137,3254.348,3517.692,3717.151,4945.088,5513.456,9189.892,11422.99
55,59812.4265,78.7919,113.3862,154.1278,1385.725,1963.912,2827.785,3848.669,986.1608,3269.329,3528.839,3552.802,2874.708,3084.176,5149.184,5083.31
56,59812.43046,78.81504,113.354,154.3003,1385.664,1963.444,2827.474,3848.662,990.8397,2991.35,3137.446,3383.82,2247.798,1748.868,3357.61,4118.849
57,59812.43442,78.75045,113.6119,153.9657,1385.345,1964.081,2828.118,3849.327,1002.122,3288.11,3504.318,3508.069,4297.786,4296.966,4432.433,7333.211
58,59812.43838,78.67031,113.5523,153.8274,1385.557,1964.484,2828.315,3849.172,1014.501,3024.595,3017.292,3066.263,2465.393,1607.576,956.1856,2069.263
59,59812.44235,78.82908,113.3049,154.186,1385.703,1964.033,2827.883,3848.728,1032.182,3159.583,3463.594,3549.654,4874.79,4631.933,6386.954,7192.511
60,59812.44631,78.7849,113.38,154.1275,1385.755,1963.887,2827.737,3848.658,1045.124,3174.525,3335.477,3473.106,3226.08,3220.905,4702.265,6729.888
61,59812.46047,78.81369,113.4261,154.1437,1385.602,1963.941,2827.887,3848.877,1093.232,3066.284,3392.747,3672.312,2607.157,1990.199,1799.73,200.0956
62,59812.46443,78.76603,113.2887,154.3103,1385.82,1963.838,2827.758,3848.614,1093.35,3309.441,3564.791,3852.341,3154.415,2823.886,1971.475,2848.966
63,59812.4684,78.81623,113.3101,154.2963,1385.68,1963.389,2827.443,3848.745,1113.443,2973.981,3327.277,3636.736,3393.455,7480.631,7092.931,7138.081
64,59812.47237,78.8388,113.4957,154.1636,1385.493,1963.614,2827.794,3848.9,1114.966,3379.545,3638.423,3797.372,4914.175,4984.303,4845.419,3867.488
65,59812.47633,78.80476,113.2787,154.3204,1385.782,1963.34,2827.36,3848.627,1127.776,2989.68,3237.875,3308.08,3791.137,4075.004,3363.976,2045.179
66,59812.48029,78.68817,113.657,153.8597,1385.363,1964.29,2828.298,3849.394,1149.313,5966.704,6173.62,6607.958,9503.272,11177.5,11360.03,13130.49
67,59812.48425,78.81443,113.2797,154.3359,1385.767,1963.401,2827.312,3848.562,1162.827,2839.824,3365.351,3642.889,7875.068,9672.603,12063.5,13978.15
68,59812.48822,78.71806,113.5732,153.8733,1385.522,1964.345,2828.291,3849.107,1169.619,2557.937,2820.979,3020.885,3416.425,4040.229,4230.633,5199.085
69,59812.49219,78.80757,113.4589,154.1415,1385.482,1963.907,2827.899,3848.981,1196.66,2927.121,3237.098,3551.303,3597.673,3901.38,4496.609,4038.834
70,59812.49616,78.80675,113.2129,154.471,1385.824,1963.513,2827.375,3848.381,1214.76,2868.981,3287.469,3772.259,3670.629,3794.803,4109.382,4751.89
71,59812.50012,78.72144,113.6262,153.9088,1385.342,1964.203,2828.244,3849.339,1235.148,2382.738,2673.797,2785.629,2420.229,2086.937,1205.258,1314.425
72,59812.50408,78.81558,113.307,154.146,1385.901,1963.781,2827.627,3848.546,1274.656,2694.858,3116.484,3523.598,4608.694,5180.783,4764.762,5329.009
73,59812.50804,78.8056,113.3826,154.1003,1385.663,1964.047,2827.993,3848.769,1277.889,2925.844,3182.023,3498.605,3349.58,3249.399,1787.903,1159.885
74,59812.51201,78.85292,112.9978,154.506,1386.137,1963.307,2827.037,3847.987,1290.64,2990.058,3392.349,3666.871,6183.455,6421.458,7324.249,7496.791
75,59812.51598,78.7082,113.5792,153.858,1385.524,1964.37,2828.314,3849.132,1296.627,2979.058,3203.624,3456.99,4169.948,2843.163,3277.494,2873.105
76,59812.51994,78.83882,113.2369,154.3144,1385.969,1963.533,2827.489,3848.432,1309.283,3028.414,3415.369,3738.954,6592.337,8263.033,8708.479,10497.07
77,59812.52391,78.79933,113.3273,154.1243,1385.931,1963.794,2827.609,3848.563,1327.525,3240.545,3631.79,3985.842,4064.944,4765.282,5493.213,5192.846
78,59812.52787,78.86487,113.2092,154.3289,1385.85,1963.672,2827.547,3848.455,1334.866,3186.713,3514.264,3725.89,4314.165,5298.677,6232.719,4767.378
79,59812.53183,78.85726,113.2285,154.2942,1385.886,1963.668,2827.555,3848.45,1336.85,2898.01,3374.783,3707.467,5582.598,6100.357,7198.793,7996.247
80,59812.53581,78.79148,113.4765,154.0507,1385.608,1964.053,2828.048,3848.968,1367.872,3128.687,3764.859,4204.38,4606.757,4428.834,4047.003,3574.99
81,59812.53977,78.86629,113.2082,154.3226,1385.837,1963.704,2827.559,3848.455,1341.782,2746.66,2994.297,3353.358,4753.491,4678.836,4704.675,4885.836
82,59812.54373,78.85049,113.29,154.1768,1385.765,1963.86,2827.696,3848.596,1337.036,3481.579,3746.413,3940.718,4158.208,4156.19,4634.916,3088.119
83,59812.5477,78.72649,113.5689,153.9071,1385.505,1964.272,2828.247,3849.13,1327.443,2902.769,3147.052,3339.592,3314.839,2571.82,180.6243,457.994
84,59812.55167,78.81484,113.3368,154.1945,1385.736,1963.612,2827.543,3848.677,1345.806,3562.76,4036.266,4299.805,5457.706,7806.836,7556.097,7851.783
85,59813.35341,78.82907,113.1703,154.3602,1385.908,1963.367,2827.183,3848.341,1080.373,4877.422,5036.958,5305.704,4343.23,3016.45,921.5192,-3038.858
86,59813.35737,78.81071,113.4441,154.1637,1385.413,1963.798,2827.874,3849.015,1070.87,5048.314,5175.628,5261.758,4185.456,4031.991,3230.2,2363.636
87,59813.36133,78.72232,113.5831,153.879,1385.466,1964.301,2828.296,3849.171,1049.04,4672.56,4977.498,5144.633,4056.219,3902.92,4122.306,4179.615
88,59813.36529,78.68053,113.6597,153.8386,1385.351,1964.289,2828.292,3849.422,1045.962,4657.776,4953.106,5010.298,5533.578,5578.311,4956.896,5323.491
89,59813.36925,78.70519,113.5687,153.8785,1385.588,1964.477,2828.346,3849.06,1040.695,4401.696,5031.053,5414.494,5457.758,7516.309,8281.131,9514.729
90,59813.37322,78.67179,113.6438,153.8115,1385.397,1964.331,2828.356,3849.315,1036.676,4084.011,4477.169,4878.989,4250.241,5102.088,5987.464,6957.015
91,59813.37718,78.67205,113.6151,153.7711,1385.421,1964.374,2828.368,3849.328,1026.682,4096.813,4483.24,4888.659,5761.549,7307.794,11599.2,11261.26
92,59813.38114,78.75164,113.3819,154.1354,1385.893,1963.82,2827.595,3848.633,1033.807,3790.03,3828.459,3957.617,5762.857,6900.058,6900.088,8223.134
93,59813.3851,78.74665,113.6259,153.9569,1385.357,1964.103,2828.123,3849.365,1035.267,3888.695,4334.025,4760.7,5022.859,4440.154,3032.452,2930.856
94,59813.38907,78.78608,113.343,154.1151,1385.94,1963.791,2827.593,3848.58,1028.543,3678.78,3877.892,4036.148,3444.346,2549.081,1450.878,843.1723
95,59813.39303,78.78005,113.2439,154.4188,1385.844,1963.644,2827.511,3848.468,1010.11,3638.458,3833.205,3976.181,5149.021,5941.403,7079.384,7860.88
96,59813.40695,78.74286,113.5222,153.952,1385.579,1964.32,2828.258,3849.013,966.7506,3592.853,3804.337,3907.434,1837.687,1687.198,-1034.329,-2535.936
97,59813.41091,78.81712,113.2271,154.356,1385.825,1963.319,2827.301,3848.55,965.4944,3614.112,3834.811,3926.165,3112.841,3199.737,2138.51,1074.646
98,59813.41487,78.80591,113.3155,154.1741,1386.028,1963.686,2827.492,3848.446,966.4449,3544.828,3555.991,3552.422,2381.159,2938.497,4455.714,3755.778
99,59813.41883,78.76644,113.3859,154.1639,1385.743,1964.146,2827.993,3848.813,968.9509,3356.133,3377.23,3232.71,1478.645,820.532,710.6465,-196.7415
100,59813.4228,78.83935,113.3181,154.1494,1385.721,1963.923,2827.778,3848.652,965.37,3725.606,3859.645,4000.848,3582.477,3790.196,3584.031,4751.855
101,59813.42676,78.73272,113.6294,153.9272,1385.343,1964.172,2828.185,3849.379,962.3547,3467.584,3572.09,3683.555,1413.876,1141.965,1343.894,-673.3151
102,59813.43078,78.8593,113.2655,154.2195,1385.777,1963.817,2827.649,3848.549,962.901,3136.877,3398.177,3498.455,180.4195,-517.2147,-448.672,-182.27
103,59813.43475,78.80839,113.2611,154.3296,1385.801,1963.446,2827.336,3848.452,973.0267,3678.087,3927.397,4169.421,2050.958,1111.476,1470.012,2637.832
104,59813.43871,78.80955,113.4353,154.1731,1385.43,1963.773,2827.844,3848.994,981.6531,3619.053,3808.435,3987.478,3279.744,2420.267,1417.781,2294.476
105,59813.44267,78.95055,113.2383,154.5208,1385.867,1962.942,2826.943,3848.278,1001.577,3476.542,3702.688,3638.611,7242.97,6695.071,7589.034,9341.119
106,59813.44663,78.83958,113.0909,154.4243,1386.009,1963.295,2827.095,3848.176,1011.867,2667.245,2792.903,2761.62,-490.0006,-2108.314,-3203.845,-2531.038
107,59813.45622,78.8094,113.315,154.2691,1385.689,1963.406,2827.484,3848.672,1026.099,3200.178,3608.459,3803.837,1154.948,75.92473,168.3527,-725.0836
108,59813.46019,78.84343,113.2147,154.364,1385.963,1963.504,2827.451,3848.436,1028.179,3215.341,3395.35,3398.218,249.9738,-1191.943,-2283.906,-4633.42
109,59813.46415,78.82112,113.3659,154.0987,1385.712,1963.941,2827.816,3848.674,1025.152,3230.906,3548.591,3673.98,3015.623,3925.666,5193.376,6264.16
110,59813.46811,78.81762,113.3978,154.2744,1385.604,1963.476,2827.582,3848.739,1039.34,3118.2,3412.059,3510.165,666.9977,-248.5665,-1082.419,-1513.728
111,59813.47207,78.85659,113.2358,154.4468,1385.907,1963.367,2827.255,3848.372,1056.438,3253.006,3343.87,3501.057,3328.42,3362.422,3896.247,3429.489
112,59813.47605,78.85958,112.9655,154.5538,1386.165,1963.295,2827.043,3847.849,1081.294,2758.433,3076.124,3147.267,2349.962,2690.736,1630.96,983.9366
113,59813.48001,78.71103,113.6259,153.8997,1385.357,1964.224,2828.278,3849.309,1090.895,3031.933,3318.53,3558.835,3447.664,3729.278,2071.331,1986.07
114,59813.48397,78.81878,113.2264,154.3513,1385.838,1963.317,2827.268,3848.531,1108.432,2661.151,3056.626,3247.102,4087.241,4942.351,7708.854,12531.29
115,59813.48793,78.79468,113.2214,154.4528,1385.822,1963.569,2827.443,3848.422,1107.171,3071.839,3271.117,3347.742,5533.461,7792.655,8665.692,8381.507
116,59813.49191,78.887,113.2672,154.4704,1385.905,1963.074,2827.063,3848.286,1105.179,2943.507,3319.428,3502.738,10197.25,11820.09,12869.12,14574.35
117,59813.49587,78.74615,113.555,154.0321,1385.422,1964.026,2828.091,3849.135,1108.552,2774.681,2891.757,2925.883,4139.428,6746.086,7992.081,9493.39
118,59813.49983,78.84788,113.0536,154.4458,1386.091,1963.31,2827.027,3848.005,1104.664,2231.891,2643.668,2903.255,3875.107,3170.063,5201.562,8259.78
119,59813.5038,79.09481,113.2378,154.5488,1385.756,1962.574,2826.811,3848.327,1119.178,2468.953,2728.657,2876.628,3135.227,2501.488,1818.037,1629.923
120,59813.50777,78.84148,113.2273,154.4325,1385.899,1963.445,2827.327,3848.388,1150.071,2396.698,2905.574,3175.179,2332.29,2018.239,1106.894,3710.074
121,59813.51174,78.67932,113.5192,153.8012,1385.482,1964.429,2828.284,3849.347,1201.383,2450.57,2642.011,2630.381,3952.593,4021.425,4985.815,8236.038
122,59813.5157,78.85151,113.21,154.424,1385.937,1963.454,2827.352,3848.407,1220.482,2618.59,3121.404,3419.854,4348.637,6659.37,10240.53,13751.95
123,59813.51966,78.80753,113.4356,154.1639,1385.525,1963.869,2827.86,3848.923,1238.486,2317.487,2513.827,2553.129,2590.169,3559.229,5353.432,10700.54
124,59813.52364,78.72733,113.5656,153.9155,1385.522,1964.261,2828.234,3849.115,1272.536,3170.81,3298.432,3239,3849.056,4465.361,4124.973,6689.684
125,59813.5276,78.71495,113.5743,153.8799,1385.6,1964.554,2828.389,3848.965,1304.894,2702.608,2965.113,3065.042,3502.305,2664.145,1644.734,4487.365
126,59813.53156,78.8582,113.2034,154.3701,1385.883,1963.588,2827.461,3848.446,1283.344,2101.833,2497.059,2882.774,10288.04,10639.87,10692.37,15671.52
127,59813.53554,78.80899,113.2556,154.3355,1385.816,1963.447,2827.345,3848.435,1297.576,2668.532,2786.271,2722.729,2255.232,3083.059,3675.586,8126.607
128,59813.5395,78.80097,113.3237,154.3039,1385.739,1963.483,2827.435,3848.531,1312.233,2592.603,3029.707,3313.421,5674.084,6881.381,6479.774,11214.67
129,59814.32338,78.67568,113.6485,153.8257,1385.386,1964.313,2828.346,3849.331,1207.911,2536.531,2696.611,2674.457,1460.547,2729.444,2378.608,2910.629
130,59814.32811,78.68029,113.5283,153.7822,1385.457,1964.406,2828.311,3849.357,1175.653,3932.322,4354.529,4743.169,4335.473,4964.457,6066.787,7635.791
131,59814.33207,78.70877,113.5658,153.8733,1385.623,1964.522,2828.383,3849.03,1142.681,3350.199,3696.451,3805.991,5160.804,5824.125,5670.65,5842.686
132,59814.33604,78.67297,113.5649,153.7759,1385.504,1964.439,2828.314,3849.26,1116.484,3523.518,3675.573,3771.712,6797.566,9168.655,10749.92,13401.36
133,59814.34,78.6777,113.5294,153.7981,1385.496,1964.434,2828.285,3849.331,1117.546,3275.923,3339.941,3515.804,5706.99,5833.898,4683.012,3558.359
134,59814.34793,78.82487,113.3323,154.2026,1385.718,1963.562,2827.551,3848.661,1114.129,3392.417,3703.556,3825.49,3591.73,5130.748,6011.663,5922.339
135,59814.35189,78.75318,113.3802,154.1376,1385.886,1963.818,2827.596,3848.633,1111.169,3175.94,3312.475,3097.177,4658.478,4839.128,5276.979,7079.883
136,59814.35585,78.8139,113.3327,154.3127,1385.7,1963.432,2827.419,3848.63,1122.085,5631.146,6139.13,6271.152,6923.836,7061.07,6307.014,4140.123
137,59814.35981,78.9589,113.2267,154.5363,1385.862,1962.926,2826.929,3848.312,1114.398,2896.816,2977.664,3004.171,4350.807,5854.239,6311.538,6793.696
138,59814.36377,78.81086,113.4685,154.1359,1385.372,1963.856,2827.933,3849.066,1104.813,3480.616,3873.232,4188.399,5958.332,5779.361,6533.13,6632.771
139,59814.36774,78.79015,113.353,154.1229,1385.814,1963.834,2827.672,3848.615,1103.59,3233.027,3663.447,4106.212,3450.472,3801.871,1962.889,592.8375
140,59814.3717,78.85524,113.2237,154.4419,1385.916,1963.399,2827.295,3848.387,1095.522,3599.828,3878.99,3964.406,5840.865,6437.095,7362.666,7823.073
141,59814.37566,79.12627,113.2411,154.5516,1385.782,1962.391,2826.757,3848.299,1098.332,3592.766,3902.112,4181.276,8074.387,9851.063,11563.43,14862.4
142,59814.37964,78.6712,113.6361,153.8051,1385.423,1964.343,2828.36,3849.288,1104.04,4025.821,4263.925,4476.631,6034.849,6917.596,6724.924,6653.92
143,59814.3836,78.7234,113.5454,153.906,1385.588,1964.438,2828.324,3849.022,1099.842,3200.214,3430.856,3563.574,5713.498,6570.357,7984.584,9619.771
144,59814.38756,78.68136,113.5142,153.786,1385.458,1964.4,2828.305,3849.362,1101.067,3659.085,3977.132,4156.783,8918.714,9711.058,12704.93,14623.73
145,59814.39152,78.8013,113.3878,154.1976,1385.631,1963.705,2827.621,3848.716,1085.715,3934.155,4397.583,4861.442,9593.468,9838.776,12942.22,14928.61
146,59814.39548,78.92593,113.2382,154.5173,1385.889,1962.986,2826.966,3848.297,1078.208,3822.455,4126.486,4512.139,8805.273,9122.491,10445.77,11511.43
147,59814.39945,78.7595,113.3916,154.1515,1385.789,1963.798,2827.642,3848.666,1067.986,3938.067,4321.422,4614.28,9207.877,9781.301,11656.23,12428.59
148,59814.40341,78.80674,113.2235,154.4238,1385.827,1963.569,2827.459,3848.438,1067.433,3460.418,3751.408,3899.028,4908.761,5461.449,6790.632,6723.728
149,59814.40737,78.8082,113.4482,154.1611,1385.424,1963.819,2827.873,3849.018,1059.272,3503.625,3801.994,3896.253,5461.581,5562.631,5614.669,5474.956
150,59814.41135,78.80793,113.2844,154.3207,1385.776,1963.339,2827.342,3848.636,1066.145,3309.049,3677.936,4061.635,4452.276,4289.22,4737.774,4010.334
151,59814.41531,78.82054,113.3032,154.1495,1385.867,1963.788,2827.65,3848.551,1085.556,3354.097,3900.256,4103.288,5735.086,5836.61,6661.656,8003.497
152,59814.41927,78.8138,113.5452,154.1065,1385.417,1963.708,2827.883,3848.979,1095.8,3756.356,4166.367,4500.803,6448.312,6325.525,5927.244,4466.069
153,59814.42323,78.85344,113.207,154.3527,1385.807,1963.714,2827.582,3848.503,1101.938,3433.281,3888.716,4271.856,9779.142,10380.29,10604.53,10967.33
154,59814.42721,78.78435,113.3697,154.1682,1385.761,1963.726,2827.599,3848.668,1105.972,2753.495,3118.795,3544.715,6032.099,5282.613,5485.536,5355.035
155,59814.43117,78.7824,113.3629,154.1275,1385.81,1963.839,2827.67,3848.636,1110.149,3507.014,4144.636,4542.594,5966.845,6569.106,7382.277,11062.25
156,59814.43513,78.79395,113.3807,154.1168,1385.674,1964.117,2827.992,3848.822,1121.581,3571.915,3922.521,4034.892,4041.316,3863.003,3809.15,4354.793
157,59814.43909,78.82941,113.3458,154.1079,1385.72,1963.922,2827.78,3848.645,1118.373,4055.296,4182.44,4183.57,4663.7,4583.087,5288.147,6504.791
158,59814.44307,78.81295,113.3195,154.3181,1385.714,1963.41,2827.417,3848.641,1123.152,3910.19,4267.922,4553.915,6439.218,7646.457,9257.246,13817.59
159,59814.44703,78.74422,113.4002,154.1632,1385.763,1964.126,2828.039,3848.803,1138.361,3795.807,3931.748,3970.043,5787.804,6077.789,5814.49,7499.628
160,59814.45099,78.67555,113.5865,153.7696,1385.446,1964.377,2828.353,3849.347,1135.186,4019.446,4329.106,4391.604,6779.093,8353.854,7790.148,9479.406
161,59814.45495,78.67761,113.5794,153.8528,1385.624,1964.536,2828.341,3849.053,1153.158,3569.099,3916.245,4140.656,2905.756,3848.958,4121.342,5770.919
162,59814.45893,78.78445,113.562,154.0638,1385.351,1963.859,2828.003,3849.171,1139.565,3846.309,4243.223,4524.075,4934.979,4950.042,5879.043,5830.034
163,59814.46289,78.86259,112.9342,154.5922,1386.167,1963.285,2827.058,3847.85,1155.246,2952.116,3445.485,3911.997,3712.63,2681.667,2221.006,1195.569
164,59814.46686,78.82565,113.3555,154.102,1385.72,1963.925,2827.783,3848.658,1154.145,2937.054,3507.005,3946.625,6973.492,8122.148,10413.1,13315.63
165,59814.47083,78.78804,113.2309,154.4384,1385.838,1963.603,2827.465,3848.432,1181.127,16031.02,16346.7,16758.97,22870.99,23196.02,22789.34,21441.09
166,59814.4748,78.79619,113.3313,154.1203,1385.955,1963.781,2827.592,3848.55,1202.251,2779.702,2962.895,3053.897,7237.817,7397.006,7211.685,8272.5
167,59814.47876,78.81218,113.3825,154.0949,1385.671,1964.005,2827.964,3848.744,1217.51,3440.681,3895.719,4121.195,3985.751,4912.63,4938.564,6802.114
168,59814.48272,78.81468,113.3144,154.1871,1385.694,1964.093,2827.923,3848.774,1235.894,3376.226,3543.641,3475.208,5459.254,5512.239,7617.637,9396.348
169,59814.4867,78.80835,113.3237,154.127,1385.862,1963.811,2827.658,3848.576,1262.889,3525.275,3879.285,4004.925,2934.855,2857.418,3498.27,4720.816
170,59814.49066,78.79156,113.2739,154.3065,1385.808,1963.84,2827.759,3848.646,1294.621,3565.431,3857.079,4032.626,1917.165,2113.019,2335.068,716.4521
171,59814.49463,78.80417,113.3217,154.1312,1385.966,1963.766,2827.581,3848.523,1308.882,2823.159,2847.08,2908.018,1453.952,-268.6218,-975.4492,-773.7428
172,59814.4986,78.83974,113.0907,154.412,1386.018,1963.316,2827.083,3848.149,1314.709,3172.567,3274.944,3562.697,5178.575,4397.74,4289.94,4965.915
173,59814.50257,78.76939,113.3904,154.1488,1385.744,1963.842,2827.69,3848.67,1335.79,3065.262,3514.607,3786.717,686.0359,1007.979,-1012.573,-2898.938
174,59814.50653,78.85988,113.1967,154.3589,1385.838,1963.658,2827.537,3848.457,1355.701,3137.801,3856.102,4344.899,2202.155,1408.703,-535.1364,290.3339
175,59814.51051,78.81625,113.3182,154.1322,1385.826,1963.818,2827.686,3848.574,1363.423,1924.289,2373.638,2865.761,991.3094,-205.143,-1684.862,-3069.647
176,59814.51446,78.81573,113.3357,154.2016,1385.719,1963.615,2827.558,3848.675,1374.83,3132.893,3785.447,4019.741,3748.925,3571.979,7738.609,18255.5
177,59815.34443,78.73495,113.5785,153.9548,1385.423,1964.144,2828.202,3849.212,1122.347,3781.134,4196.226,4340.088,5339.554,7214.845,10403.52,13039.91
178,59815.34839,78.66795,113.641,153.7921,1385.391,1964.355,2828.363,3849.342,1116.962,3745.962,3822.405,3664.44,4482.45,5242.118,5889.707,5541.483
179,59815.35236,78.67196,113.564,153.7864,1385.518,1964.447,2828.315,3849.236,1115.678,3224.571,3345.76,3419.708,2553.818,1508.961,2048.792,637.674
180,59815.35633,78.85569,113.219,154.325,1385.794,1963.762,2827.626,3848.541,1104.882,3233.402,3425.356,3383.45,4217.144,4849.34,6632.521,8594.821
181,59815.36029,78.76949,113.26,154.3933,1385.838,1963.693,2827.581,3848.523,1106.4,3289.589,3423.91,3431.716,4257.653,5256.005,6857.641,7278.13
182,59815.36426,78.81373,113.3414,154.2188,1385.655,1963.602,2827.57,3848.698,1113.871,3374.686,3408.453,3462.312,2962.201,2627.181,3836.143,3634.475
183,59815.36822,78.79687,113.5462,154.0653,1385.333,1963.869,2828.017,3849.173,1129.72,3195.705,3555.293,3672.826,7059.413,7631.673,7273.491,7290.406
184,59815.37218,78.84129,113.0788,154.4325,1386.026,1963.3,2827.08,3848.139,1124.71,2846.843,2931.268,2979.799,7128.721,8167.264,9920.688,11693.42
185,59815.37614,78.83364,113.1313,154.3938,1385.967,1963.316,2827.136,3848.281,1143.613,2956.844,3448.457,3818.767,7273.288,8831.994,9787.417,11457.17
186,59815.38011,78.93667,113.2224,154.5355,1385.856,1963.026,2826.974,3848.354,1162.151,3140.073,3510.622,3908.163,4814.675,5524.334,6035.276,6848.357
187,59815.38407,78.71833,113.5684,153.8771,1385.616,1964.542,2828.381,3848.993,1158.747,3666.049,3902.749,4240.261,9474.55,9378.795,10575.42,11762.22
188,59815.38803,78.85546,113.2046,154.3502,1385.808,1963.714,2827.58,3848.498,1162.612,3624.526,4014.36,4226.01,6109.411,7567.211,9688.597,11606.46
189,59815.39201,78.83155,113.4844,154.1504,1385.366,1963.738,2827.861,3849.052,1155.431,3228.311,3542.811,3806.611,6802.995,8426.01,13993.33,17263.64
190,59815.39597,78.73159,113.5571,153.8996,1385.591,1964.549,2828.387,3848.956,1178.588,3410.575,3777.986,4012.874,7073.795,6309.685,7093.427,8524.057
191,59815.39993,78.80779,113.3036,154.2863,1385.691,1963.384,2827.463,3848.665,1195.39,3002.104,3336.349,3602.076,6793.22,7887.728,10151.41,12181.99
192,59815.40389,78.73035,113.4184,154.1496,1385.774,1964.132,2828.078,3848.809,1188.069,3255.564,3611.8,3917.764,6235.767,5573.117,6878.75,10029.83
193,59815.40785,78.87637,113.2316,154.5038,1385.875,1963.2,2827.085,3848.313,1178.63,2919.418,3161.335,3408.826,5280.654,6379.957,7868.064,9621.322
194,59815.41182,78.82241,113.1856,154.3773,1385.861,1963.35,2827.304,3848.48,1183.863,2508.954,2576.335,2584.601,5113.394,6426.943,8438.512,11475.85
195,59815.41579,78.79988,113.3001,154.2505,1385.771,1963.997,2827.874,3848.723,1187.365,3474.358,3741.902,4040.493,5961.502,6425.114,7991.302,11201.72
196,59815.41975,78.71416,113.5564,153.8961,1385.608,1964.494,2828.367,3849.022,1199.65,3028.961,3364.205,3550.316,5040.658,6607.433,8280.467,14996.44
197,59815.42371,78.78794,113.3411,154.113,1385.968,1963.771,2827.573,3848.553,1188.348,2541.805,2775.52,2935.637,4340.049,5327.775,6614.89,9890.8
198,59815.42767,78.81817,113.3217,154.2903,1385.665,1963.41,2827.47,3848.759,1176.647,3511.857,4277.446,4786.104,8635.815,9729.647,11827.33,16429.99
199,59815.43164,78.81673,113.3832,154.2561,1385.562,1963.521,2827.612,3848.814,1166.864,3008.919,3210.425,3465.541,6595.931,7524.648,10601.65,12934.82
200,59815.4356,78.78515,113.4068,154.1551,1385.686,1963.862,2827.743,3848.728,1196.246,3057.605,3134.532,3226.856,4346.755,6273.414,9065.404,12587.81
201,59815.43978,78.76055,113.372,154.1486,1385.86,1963.807,2827.6,3848.635,1211.822,2811.482,2786.615,2559.924,3040.927,4442.946,4311.603,6466.198
202,59815.44374,78.83937,113.0834,154.4373,1386.025,1963.307,2827.112,3848.199,1235.674,2216.514,2348.601,2240.672,564.0004,729.2762,1063.344,3497.339
203,59815.44772,78.85901,112.9045,154.6271,1386.154,1963.257,2827.074,3847.842,1252.603,2342.602,2568.226,2719.64,3692.513,2714.088,2616.262,3609.356
204,59815.45168,78.83303,113.1396,154.3831,1385.954,1963.332,2827.144,3848.286,1275.813,2967.936,3151.729,3195.501,3124.621,3311.147,3029.868,5061.287
205,59815.45565,78.82223,113.1516,154.368,1385.996,1963.372,2827.179,3848.204,1290.472,3128.845,3469.526,3627.686,894.9949,-496.5965,-1760.214,-1139.336
206,59815.45961,78.79311,113.404,154.1723,1385.66,1963.818,2827.702,3848.754,1297.065,3353.206,3630.617,3747.032,1764.948,1466.359,12921.96,12576.47
207,59815.46358,78.68283,113.6029,153.8273,1385.491,1964.368,2828.352,3849.194,1283.771,3927.49,4266.736,4391.591,2232.055,2346.775,1630.208,1480.64
208,59815.46755,78.82192,113.4027,154.2436,1385.629,1963.528,2827.57,3848.709,1254.66,3085.533,3350.652,3504.382,1193.363,-705.9337,-2840.929,-3457.156
209,59815.47151,78.82375,113.4372,154.2049,1385.427,1963.645,2827.782,3848.932,1253.511,3137.38,3666.814,4101.081,3887.265,4076.684,3069.188,3531.404
210,59815.47547,78.77528,113.6027,154.0205,1385.398,1963.945,2827.994,3849.218,1265.561,3832.06,4314.7,4700.313,3306.596,3239.94,4686.16,16750.6
211,59815.47943,78.78487,113.5624,154.0687,1385.362,1963.847,2827.984,3849.167,1267.173,3260.331,3585.071,3720.096,4469.223,4974.875,3325.819,2496.905
212,59815.48339,78.84802,113.0075,154.4931,1386.164,1963.315,2827.026,3847.883,1300.987,3335.963,3642.616,3682.145,1736.923,983.2029,188.0972,-475.9421
213,59815.48737,78.8241,113.1771,154.3793,1385.872,1963.345,2827.297,3848.457,1349.478,2825.891,3358,3763.773,3057.624,3431.647,3461.99,2250.193
214,59815.49133,78.82921,113.5175,154.1387,1385.4,1963.712,2827.877,3849.041,1392.611,3294.289,3684.172,3937.014,3089.144,4189.318,4135.858,4234.545
215,59815.49529,78.85117,112.9482,154.5645,1386.182,1963.285,2827.04,3847.831,1417.965,3211.856,3801.898,4137.585,1542.322,-279.2628,-3182.45,-4682.002
216,59815.49927,78.78285,113.3921,154.1758,1385.705,1963.781,2827.64,3848.715,1413.975,3471.367,3810.991,4001.565,4276.559,3811.899,3201.097,1856.676
217,59815.50323,78.84899,113.2477,154.4747,1385.88,1963.29,2827.162,3848.343,1440.62,3197.639,3665.534,4161.083,-512.0663,-1810.474,-2932.354,-5749.176
218,59815.5072,78.78113,113.6034,154.0254,1385.415,1963.934,2827.979,3849.206,1462.745,2631.92,3073.917,3255.378,4719.046,4182.105,1862.224,576.401
219,59815.51116,78.84,113.2277,154.3326,1385.955,1963.561,2827.48,3848.439,1500.459,3341.078,3520.701,3679.738,5242.976,6519.372,6919.019,6501.031
220,59815.51512,78.83299,113.1986,154.5078,1385.832,1963.417,2827.228,3848.308,1476.321,2690.078,2963.7,3132.086,3402.006,3692.28,2148.427,3159.905
221,59815.51908,78.7667,113.3239,154.2535,1385.808,1963.988,2827.876,3848.722,1489.57,3318.326,3537.699,3557.39,4365.163,4679.738,4210.429,4416.589
222,59815.52305,78.78103,113.394,154.1433,1385.721,1963.881,2827.741,3848.685,1475.598,3757.773,4076.868,4121.94,1291.246,809.4688,-1172.805,-2366.817
223,59815.52702,78.81385,113.3871,154.0945,1385.675,1963.979,2827.942,3848.734,1472.938,3551.947,3400.917,3129.415,3079.266,2291.348,1520.498,2150.004
224,59815.53148,78.82604,113.3404,154.1055,1385.744,1963.875,2827.722,3848.618,1472.322,3575.428,3711.074,3801.357,4133.183,4592.454,5960.131,5993.525